Indicator.Name,Variable.Type,Country.Name,Country.Code,Indicator.Code,1970,1971,1972,1973,1974,1975,1976,1977,1978,1979,1980,1981,1982,1983,1984,1985,1986,1987,1988,1989,1990,1991,1992,1993,1994,1995,1996,1997,1998,1999,2000,2001,2002,2003,2004,2005,2006,2007,2008,2009,2010,2011,2012,2013,2014,2015,2016,2017,2020
"Adjusted net enrolment rate, primary, gender parity index (GPI)",Enrolment,India,IND,UIS.NERA.1.GPI,0,0.654690027,0,0,0,0,0,0,0,0,0,0,0,0,0,0,0,0,0,0,0.737089992,0,0,0,0,0,0,0,0,0,0.841920018,0.857739985,0.869570017,0.970420003,0,0,0,0.985140026,1.012799978,1.024790049,1.01970005,1.028349996,1.014050007,1.013960004,0,0,0,0,0
"Adjusted net enrolment rate, primary, gender parity index (GPI)",Enrolment,United States,USA,UIS.NERA.1.GPI,0,0,0,0,0,0,0,0,0,0,0,0,0,0,0,0,1.022840023,1.023110032,0,0,1.011919975,1.004600048,0,0.999800026,1.007660031,1.002959967,1.006539941,0,0,1.00556004,1.002400041,1.014670014,1.016149998,1.013059974,1.014719963,1.014860034,1.020589948,1.013820052,1.009209991,1.021929979,1.007089972,1.015319943,0.999890029,0.99684,1.008319974,0,0,0,0
"Adjusted net enrolment rate, primary, gender parity index (GPI)",Enrolment,China,CHN,UIS.NERA.1.GPI,0,0,0,0,0,0,0,0,0,0,0,0,0,0,0,0,0,0.919950008,0,0,0,0,0.945569992,0.95006001,0.956399977,0.967440009,0.977630019,0.987789989,0,0,0,0,0,0,0,0,0,0,0,0,0,0,0,0,0,0,0,0,0
All staff compensation as % of total expenditure in pre-primary public institutions (%),Compensation,China,CHN,UIS.XSPENDP.0.FDPUB.FNS,0,0,0,0,0,0,0,0,0,0,0,0,0,0,0,0,0,0,0,0,0,0,0,0,0,0,0,0,0,61.76665878,0,0,0,0,0,0,0,0,0,0,0,0,0,0,0,0,0,0,0
All staff compensation as % of total expenditure in pre-primary public institutions (%),Compensation,India,IND,UIS.XSPENDP.0.FDPUB.FNS,0,0,0,0,0,0,0,0,0,0,0,0,0,0,0,0,0,0,0,0,0,0,0,0,0,0,0,0,0,86.02082825,88.48872375,83.52481079,0,83.52481079,83.13076019,83.13076019,0,0,0,0,0,0,0,0,0,0,0,0,0
All staff compensation as % of total expenditure in pre-primary public institutions (%),Compensation,United States,USA,UIS.XSPENDP.0.FDPUB.FNS,0,0,0,0,0,0,0,0,0,0,0,0,0,0,0,0,0,0,0,0,0,0,0,0,0,0,0,0,73.46733093,72.53723145,71.755867,71.40264893,71.43125916,72.05092621,72.00605774,71.79390717,71.24655151,71.08808136,71.6881485,72.16590118,73.61617279,74.11875153,74.20365143,0,0,0,0,0,0
All staff compensation as % of total expenditure in primary public institutions (%),Compensation,China,CHN,UIS.XSPENDP.1.FDPUB.FNS,0,0,0,0,0,0,0,0,0,0,0,0,0,0,0,0,0,0,0,0,0,0,0,0,0,0,0,0,0,68.04244995,0,0,0,0,0,0,0,0,0,0,0,0,0,0,0,0,0,0,0
All staff compensation as % of total expenditure in primary public institutions (%),Compensation,United States,USA,UIS.XSPENDP.1.FDPUB.FNS,0,0,0,0,0,0,0,0,0,0,0,0,0,0,0,0,0,0,0,0,0,0,0,0,0,0,0,0,73.46733093,72.53723145,71.755867,71.40264893,71.43125916,72.05092621,72.00605774,71.79390717,71.24655151,71.08808136,71.6881485,72.16590118,73.61617279,74.11875153,74.20365143,74.8807373,74.72167206,0,0,0,0
All staff compensation as % of total expenditure in primary public institutions (%),Compensation,India,IND,UIS.XSPENDP.1.FDPUB.FNS,0,0,0,0,0,0,0,0,0,0,0,0,0,0,0,0,0,0,0,0,0,0,0,0,0,0,0,0,0,86.02082062,88.44239807,83.52481079,0,83.52481079,83.13076019,83.13076019,0,0,0,0,0,0,0,0,0,0,0,0,0
All staff compensation as % of total expenditure in public institutions (%),Compensation,United States,USA,UIS.XSPENDP.FDPUB.FNS,0,0,0,0,0,0,0,0,0,0,0,0,0,0,0,0,0,0,0,0,0,0,0,0,0,0,0,0,72.14253998,71.51576996,68.35124207,68.11641693,65.98438263,66.23674774,68.39494324,67.64898682,66.9524765,66.65318298,66.54302979,66.94474792,69.40447235,69.39163971,68.38053131,70.02133179,69.68537903,0,0,0,0
All staff compensation as % of total expenditure in public institutions (%),Compensation,India,IND,UIS.XSPENDP.FDPUB.FNS,0,0,0,0,0,0,0,0,0,0,0,0,0,0,0,0,0,0,0,0,0,0,0,0,0,0,0,0,0,90.9175415,90.28598785,86.7106781,0,86.95487213,86.52335358,86.20124817,0,0,0,0,0,0,0,0,0,0,0,0,0
All staff compensation as % of total expenditure in public institutions (%),Compensation,China,CHN,UIS.XSPENDP.FDPUB.FNS,0,0,0,0,0,0,0,0,0,0,0,0,0,0,0,0,0,0,0,0,0,0,0,0,0,0,0,0,0,52.43093109,0,0,0,0,0,0,0,0,0,0,0,0,0,0,0,0,0,0,0
All staff compensation as % of total expenditure in secondary public institutions (%),Compensation,United States,USA,UIS.XSPENDP.23.FDPUB.FNS,0,0,0,0,0,0,0,0,0,0,0,0,0,0,0,0,0,0,0,0,0,0,0,0,0,0,0,0,73.46733093,72.53723145,71.755867,71.40264893,71.43125916,72.05092621,72.00605774,71.79390717,71.24655151,71.08808136,71.6881485,72.16590118,73.61617279,74.11875153,74.20365143,74.8807373,74.72167206,0,0,0,0
All staff compensation as % of total expenditure in secondary public institutions (%),Compensation,China,CHN,UIS.XSPENDP.23.FDPUB.FNS,0,0,0,0,0,0,0,0,0,0,0,0,0,0,0,0,0,0,0,0,0,0,0,0,0,0,0,0,0,52.98414993,0,0,0,0,0,0,0,0,0,0,0,0,0,0,0,0,0,0,0
All staff compensation as % of total expenditure in secondary public institutions (%),Compensation,India,IND,UIS.XSPENDP.23.FDPUB.FNS,0,0,0,0,0,0,0,0,0,0,0,0,0,0,0,0,0,0,0,0,0,0,0,0,0,0,0,0,0,86.02082062,87.03315735,83.52481079,0,83.52481079,83.13076019,83.13076019,0,0,0,0,0,0,0,0,0,0,0,0,0
All staff compensation as % of total expenditure in tertiary public institutions (%),Compensation,India,IND,UIS.XSPENDP.56.FDPUB.FNS,0,0,0,0,0,0,0,0,0,0,0,0,0,0,0,0,0,0,0,0,0,0,0,0,0,0,0,0,0,98.21363068,98.52993011,98.52947998,0,98.78877258,98.04254913,97.32943726,0,0,0,0,0,0,0,0,0,0,0,0,0
All staff compensation as % of total expenditure in tertiary public institutions (%),Compensation,China,CHN,UIS.XSPENDP.56.FDPUB.FNS,0,0,0,0,0,0,0,0,0,0,0,0,0,0,0,0,0,0,0,0,0,0,0,0,0,0,0,0,0,35.68093109,0,0,0,0,0,0,0,0,0,0,0,0,0,0,0,0,0,0,0
All staff compensation as % of total expenditure in tertiary public institutions (%),Compensation,United States,USA,UIS.XSPENDP.56.FDPUB.FNS,0,0,0,0,0,0,0,0,0,0,0,0,0,0,0,0,0,0,0,0,0,0,0,0,0,0,0,0,68.68057251,68.85923004,60.24155045,60.24155045,53.49132919,53.40597916,59.56465149,57.86384964,57.08731079,56.8284111,55.88423157,56.45560837,59.3862114,58.74393082,56.08132935,59.37424088,58.7522316,0,0,0,0
"Barro-Lee: Average years of primary schooling, age 15+, total",Years of Schooling,United States,USA,BAR.PRM.SCHL.15UP,5.72,0,0,0,0,5.81,0,0,0,0,5.9,0,0,0,0,5.86,0,0,0,0,5.84,0,0,0,0,5.94,0,0,0,0,5.95,0,0,0,0,5.95,0,0,0,0,5.96,0,0,0,0,0,0,0,0
"Barro-Lee: Average years of primary schooling, age 15+, total",Years of Schooling,China,CHN,BAR.PRM.SCHL.15UP,2.99,0,0,0,0,3.4,0,0,0,0,3.93,0,0,0,0,4.14,0,0,0,0,4.23,0,0,0,0,4.55,0,0,0,0,4.81,0,0,0,0,4.96,0,0,0,0,5.07,0,0,0,0,0,0,0,0
"Barro-Lee: Average years of primary schooling, age 15+, total",Years of Schooling,India,IND,BAR.PRM.SCHL.15UP,1.33,0,0,0,0,1.48,0,0,0,0,1.55,0,0,0,0,1.93,0,0,0,0,2.29,0,0,0,0,2.51,0,0,0,0,2.73,0,0,0,0,3.05,0,0,0,0,3.3,0,0,0,0,0,0,0,0
"Barro-Lee: Average years of secondary schooling, age 15+, total",Years of Schooling,United States,USA,BAR.SEC.SCHL.15UP,4.41,0,0,0,0,4.85,0,0,0,0,5.19,0,0,0,0,5.1,0,0,0,0,5.08,0,0,0,0,5.36,0,0,0,0,5.26,0,0,0,0,5.47,0,0,0,0,5.61,0,0,0,0,0,0,0,0
"Barro-Lee: Average years of secondary schooling, age 15+, total",Years of Schooling,India,IND,BAR.SEC.SCHL.15UP,0.24,0,0,0,0,0.48,0,0,0,0,0.72,0,0,0,0,0.86,0,0,0,0,1.03,0,0,0,0,1.42,0,0,0,0,2.08,0,0,0,0,2.34,0,0,0,0,2.67,0,0,0,0,0,0,0,0
"Barro-Lee: Average years of secondary schooling, age 15+, total",Years of Schooling,China,CHN,BAR.SEC.SCHL.15UP,0.56,0,0,0,0,0.68,0,0,0,0,0.9,0,0,0,0,1.12,0,0,0,0,1.3,0,0,0,0,1.67,0,0,0,0,1.97,0,0,0,0,2.18,0,0,0,0,2.3,0,0,0,0,0,0,0,0
"Barro-Lee: Average years of tertiary schooling, age 15+, total",Years of Schooling,United States,USA,BAR.TER.SCHL.15UP,0.65,0,0,0,0,0.8,0,0,0,0,0.93,0,0,0,0,1.12,0,0,0,0,1.28,0,0,0,0,1.29,0,0,0,0,1.43,0,0,0,0,1.44,0,0,0,0,1.61,0,0,0,0,0,0,0,0
"Barro-Lee: Average years of tertiary schooling, age 15+, total",Years of Schooling,China,CHN,BAR.TER.SCHL.15UP,0.03,0,0,0,0,0.03,0,0,0,0,0.03,0,0,0,0,0.05,0,0,0,0,0.06,0,0,0,0,0.11,0,0,0,0,0.15,0,0,0,0,0.15,0,0,0,0,0.14,0,0,0,0,0,0,0,0
"Barro-Lee: Average years of tertiary schooling, age 15+, total",Years of Schooling,India,IND,BAR.TER.SCHL.15UP,0.03,0,0,0,0,0.06,0,0,0,0,0.07,0,0,0,0,0.1,0,0,0,0,0.12,0,0,0,0,0.19,0,0,0,0,0.22,0,0,0,0,0.24,0,0,0,0,0.27,0,0,0,0,0,0,0,0
"Barro-Lee: Average years of total schooling, age 15+, total",Years of Schooling,China,CHN,BAR.SCHL.15UP,3.58,0,0,0,0,4.1,0,0,0,0,4.86,0,0,0,0,5.31,0,0,0,0,5.59,0,0,0,0,6.32,0,0,0,0,6.93,0,0,0,0,7.29,0,0,0,0,7.51,0,0,0,0,0,0,0,0
"Barro-Lee: Average years of total schooling, age 15+, total",Years of Schooling,United States,USA,BAR.SCHL.15UP,10.78,0,0,0,0,11.46,0,0,0,0,12.03,0,0,0,0,12.08,0,0,0,0,12.2,0,0,0,0,12.59,0,0,0,0,12.64,0,0,0,0,12.86,0,0,0,0,13.18,0,0,0,0,0,0,0,0
"Barro-Lee: Average years of total schooling, age 15+, total",Years of Schooling,India,IND,BAR.SCHL.15UP,1.61,0,0,0,0,2.01,0,0,0,0,2.34,0,0,0,0,2.89,0,0,0,0,3.45,0,0,0,0,4.12,0,0,0,0,5.03,0,0,0,0,5.63,0,0,0,0,6.24,0,0,0,0,0,0,0,0
Barro-Lee: Percentage of population age 15+ with no education,% educated at level,India,IND,BAR.NOED.15UP.ZS,66.24,0,0,0,0,65.86,0,0,0,0,66.3,0,0,0,0,58.54,0,0,0,0,51.62,0,0,0,0,47.79,0,0,0,0,43.98,0,0,0,0,37.95,0,0,0,0,33.16,0,0,0,0,0,0,0,0
Barro-Lee: Percentage of population age 15+ with no education,% educated at level,United States,USA,BAR.NOED.15UP.ZS,1.43,0,0,0,0,1.24,0,0,0,0,0.84,0,0,0,0,1.05,0,0,0,0,1.15,0,0,0,0,0.55,0,0,0,0,0.43,0,0,0,0,0.43,0,0,0,0,0.35,0,0,0,0,0,0,0,0
Barro-Lee: Percentage of population age 15+ with no education,% educated at level,China,CHN,BAR.NOED.15UP.ZS,39.53,0,0,0,0,32.96,0,0,0,0,24.75,0,0,0,0,22.63,0,0,0,0,22.23,0,0,0,0,15.96,0,0,0,0,10.97,0,0,0,0,7.68,0,0,0,0,5.35,0,0,0,0,0,0,0,0
Barro-Lee: Percentage of population age 15+ with primary schooling. Completed Primary,% educated at level,China,CHN,BAR.PRM.CMPT.15UP.ZS,17.36,0,0,0,0,19.64,0,0,0,0,21.29,0,0,0,0,20.77,0,0,0,0,19.89,0,0,0,0,19.38,0,0,0,0,18.33,0,0,0,0,16.76,0,0,0,0,14.81,0,0,0,0,0,0,0,0
Barro-Lee: Percentage of population age 15+ with primary schooling. Completed Primary,% educated at level,United States,USA,BAR.PRM.CMPT.15UP.ZS,8.58,0,0,0,0,5.34,0,0,0,0,3.17,0,0,0,0,4.6,0,0,0,0,5.57,0,0,0,0,2.07,0,0,0,0,1.95,0,0,0,0,1.86,0,0,0,0,2.03,0,0,0,0,0,0,0,0
Barro-Lee: Percentage of population age 15+ with primary schooling. Completed Primary,% educated at level,India,IND,BAR.PRM.CMPT.15UP.ZS,12.74,0,0,0,0,11.27,0,0,0,0,7.44,0,0,0,0,11.1,0,0,0,0,13.73,0,0,0,0,14.46,0,0,0,0,13.51,0,0,0,0,15.22,0,0,0,0,15.19,0,0,0,0,0,0,0,0
Barro-Lee: Percentage of population age 15+ with secondary schooling. Completed Secondary,% educated at level,India,IND,BAR.SEC.CMPT.15UP.ZS,0.29,0,0,0,0,0.37,0,0,0,0,0.5,0,0,0,0,0.57,0,0,0,0,0.55,0,0,0,0,6.93,0,0,0,0,19.83,0,0,0,0,21.8,0,0,0,0,25.03,0,0,0,0,0,0,0,0
Barro-Lee: Percentage of population age 15+ with secondary schooling. Completed Secondary,% educated at level,United States,USA,BAR.SEC.CMPT.15UP.ZS,42.84,0,0,0,0,45.16,0,0,0,0,49.03,0,0,0,0,40.88,0,0,0,0,35.98,0,0,0,0,38.26,0,0,0,0,30.16,0,0,0,0,35.99,0,0,0,0,36.19,0,0,0,0,0,0,0,0
Barro-Lee: Percentage of population age 15+ with secondary schooling. Completed Secondary,% educated at level,China,CHN,BAR.SEC.CMPT.15UP.ZS,5.07,0,0,0,0,6.29,0,0,0,0,9.35,0,0,0,0,14.59,0,0,0,0,19.88,0,0,0,0,25.17,0,0,0,0,27.53,0,0,0,0,26.93,0,0,0,0,22.85,0,0,0,0,0,0,0,0
Barro-Lee: Percentage of population age 15+ with tertiary schooling. Completed Tertiary,% educated at level,India,IND,BAR.TER.CMPT.15UP.ZS,0.62,0,0,0,0,0.95,0,0,0,0,1.22,0,0,0,0,1.74,0,0,0,0,2.23,0,0,0,0,3.36,0,0,0,0,4.01,0,0,0,0,4.38,0,0,0,0,4.85,0,0,0,0,0,0,0,0
Barro-Lee: Percentage of population age 15+ with tertiary schooling. Completed Tertiary,% educated at level,United States,USA,BAR.TER.CMPT.15UP.ZS,11.39,0,0,0,0,13.3,0,0,0,0,16.74,0,0,0,0,18.51,0,0,0,0,20.71,0,0,0,0,20.4,0,0,0,0,22.97,0,0,0,0,22.39,0,0,0,0,26.76,0,0,0,0,0,0,0,0
Barro-Lee: Percentage of population age 15+ with tertiary schooling. Completed Tertiary,% educated at level,China,CHN,BAR.TER.CMPT.15UP.ZS,0.45,0,0,0,0,0.46,0,0,0,0,0.48,0,0,0,0,0.82,0,0,0,0,1.08,0,0,0,0,1.97,0,0,0,0,2.75,0,0,0,0,2.73,0,0,0,0,2.71,0,0,0,0,0,0,0,0
Capital expenditure as % of total expenditure in pre-primary public institutions (%),Expenditure,United States,USA,UIS.XSPENDP.0.FDPUB.FNCAP,0,0,0,0,0,0,0,0,0,0,0,0,0,0,0,0,0,0,0,0,0,0,0,0,0,0,0,0,11.02980995,11.86853027,11.80119991,11.90106964,11.91485977,11.19991016,11.11338043,11.19279003,11.31303024,11.65353012,11.57946968,11.3514204,9.725500107,8.794599533,8.810759544,0,0,0,0,0,0
Capital expenditure as % of total expenditure in pre-primary public institutions (%),Expenditure,China,CHN,UIS.XSPENDP.0.FDPUB.FNCAP,0,0,0,0,0,0,0,0,0,0,0,0,0,0,0,0,0,0,0,0,0,0,0,0,0,0,0,0,0,4.440649986,0,0,0,0,0,0,0,0,0,0,0,0,0,0,0,0,0,0,0
Capital expenditure as % of total expenditure in pre-primary public institutions (%),Expenditure,India,IND,UIS.XSPENDP.0.FDPUB.FNCAP,0,0,0,0,0,0,0,0,0,0,0,0,0,0,0,0,0,0,0,0,0,0,0,0,0,0,0,0,0,2.512559891,4.459780216,5.59442997,0,5.59442997,5.466300011,5.466310024,0,0,0,0,0,0,0,0,0,0,0,0,0
Capital expenditure as % of total expenditure in primary public institutions (%),Expenditure,United States,USA,UIS.XSPENDP.1.FDPUB.FNCAP,0,0,0,0,0,0,0,0,0,0,0,0,0,0,0,0,0,0,0,0,0,0,0,0,0,0,0,0,11.02980995,11.86853027,11.80119991,11.90106964,11.91485977,11.19991016,11.11338043,11.19279003,11.31303024,11.65353012,11.57946968,11.3514204,9.725500107,8.794599533,8.810759544,0,0,0,0,0,0
Capital expenditure as % of total expenditure in primary public institutions (%),Expenditure,India,IND,UIS.XSPENDP.1.FDPUB.FNCAP,0,0,0,0,0,0,0,0,0,0,0,0,0,0,0,0,0,0,0,0,0,0,0,0,0,0,0,0,0,2.512550116,4.477829933,5.59442997,0,5.59442997,5.466300011,5.466300011,0,0,0,0,0,0,0,0,0,0,0,0,0
Capital expenditure as % of total expenditure in primary public institutions (%),Expenditure,China,CHN,UIS.XSPENDP.1.FDPUB.FNCAP,0,0,0,0,0,0,0,0,0,0,0,0,0,0,0,0,0,0,0,0,0,0,0,0,0,0,0,0,0,5.769549847,0,0,0,0,0,0,0,0,0,0,0,0,0,0,0,0,0,0,0
Capital expenditure as % of total expenditure in public institutions (%),Expenditure,China,CHN,UIS.XSPENDP.FDPUB.FNCAP,0,0,0,0,0,0,0,0,0,0,0,0,0,0,0,0,0,0,0,0,0,0,0,0,0,0,0,0,0,11.47574997,0,0,0,0,0,0,0,0,0,0,0,0,0,0,0,0,0,0,0
Capital expenditure as % of total expenditure in public institutions (%),Expenditure,India,IND,UIS.XSPENDP.FDPUB.FNCAP,0,0,0,0,0,0,0,0,0,0,0,0,0,0,0,0,0,0,0,0,0,0,0,0,0,0,0,0,0,1.86571002,3.893450022,4.643730164,0,4.548240185,4.599299908,4.81498003,0,0,0,0,0,0,0,0,0,0,0,0,0
Capital expenditure as % of total expenditure in public institutions (%),Expenditure,United States,USA,UIS.XSPENDP.FDPUB.FNCAP,0,0,0,0,0,0,0,0,0,0,0,0,0,0,0,0,0,0,0,0,0,0,0,0,0,0,0,0,10.54395008,11.14344978,11.45748997,11.52941036,11.10990047,10.73320007,11.20396996,11.30611992,11.16580009,11.24083042,10.53417969,9.879610062,10.0880003,9.555560112,0,0,0,0,0,0,0
Capital expenditure as % of total expenditure in secondary public institutions (%),Expenditure,United States,USA,UIS.XSPENDP.23.FDPUB.FNCAP,0,0,0,0,0,0,0,0,0,0,0,0,0,0,0,0,0,0,0,0,0,0,0,0,0,0,0,0,11.02980995,11.86853027,11.80119991,11.90106964,11.91485977,11.19991016,11.11338043,11.19279003,11.31303024,11.65353012,11.57946968,11.3514204,9.725500107,8.794599533,8.810759544,0,0,0,0,0,0
Capital expenditure as % of total expenditure in secondary public institutions (%),Expenditure,China,CHN,UIS.XSPENDP.23.FDPUB.FNCAP,0,0,0,0,0,0,0,0,0,0,0,0,0,0,0,0,0,0,0,0,0,0,0,0,0,0,0,0,0,9.894590378,0,0,0,0,0,0,0,0,0,0,0,0,0,0,0,0,0,0,0
Capital expenditure as % of total expenditure in secondary public institutions (%),Expenditure,India,IND,UIS.XSPENDP.23.FDPUB.FNCAP,0,0,0,0,0,0,0,0,0,0,0,0,0,0,0,0,0,0,0,0,0,0,0,0,0,0,0,0,0,2.512550116,5.023880005,5.59442997,0,5.59442997,5.466300011,5.466300011,0,0,0,0,0,0,0,0,0,0,0,0,0
Capital expenditure as % of total expenditure in tertiary public institutions (%),Expenditure,China,CHN,UIS.XSPENDP.56.FDPUB.FNCAP,0,0,0,0,0,0,0,0,0,0,0,0,0,0,0,0,0,0,0,0,0,0,0,0,0,0,0,0,0,22.43704033,0,0,0,0,0,0,0,0,0,0,0,0,0,0,0,0,0,0,0
Capital expenditure as % of total expenditure in tertiary public institutions (%),Expenditure,India,IND,UIS.XSPENDP.56.FDPUB.FNCAP,0,0,0,0,0,0,0,0,0,0,0,0,0,0,0,0,0,0,0,0,0,0,0,0,0,0,0,0,0,1.569620013,1.180819988,1.146589994,0,0.962880015,1.703690052,2.454440117,0,0,0,0,0,0,0,0,0,0,0,0,0
Capital expenditure as % of total expenditure in tertiary public institutions (%),Expenditure,United States,USA,UIS.XSPENDP.56.FDPUB.FNCAP,0,0,0,0,0,0,0,0,0,0,0,0,0,0,0,0,0,0,0,0,0,0,0,0,0,0,0,0,9.274299622,9.257710457,10.63879013,10.63879013,9.263640404,9.703269958,11.42547989,11.57367992,10.82754993,10.32656002,8.368729591,6.922780037,10.95028019,11.26959038,0,0,0,0,0,0,0
Duration of compulsory education (years),Compulsory Education,China,CHN,SE.COM.DURS,0,0,0,0,0,0,0,0,0,0,0,0,0,0,0,0,0,0,0,0,0,0,0,0,0,0,0,0,9,9,9,9,9,9,9,9,9,9,9,9,9,9,9,9,9,9,9,0,0
Duration of compulsory education (years),Compulsory Education,United States,USA,SE.COM.DURS,0,0,0,0,0,0,0,0,0,0,0,0,0,0,0,0,0,0,0,0,0,0,0,0,0,0,0,0,12,12,12,12,12,12,12,12,12,12,12,12,12,12,12,12,12,12,12,0,0
Duration of compulsory education (years),Compulsory Education,India,IND,SE.COM.DURS,0,0,0,0,0,0,0,0,0,0,0,0,0,0,0,0,0,0,0,0,0,0,0,0,0,0,0,0,0,0,0,0,0,0,0,0,0,0,0,8,8,8,8,8,8,8,8,0,0
Expenditure on education as % of total government expenditure (%),Government Expenditure,United States,USA,SE.XPD.TOTL.GB.ZS,0,0,0,0,0,0,0,0,0,0,0,0,0,0,0,0,0,0,0,0,0,0,0,0,0,0,0,0,0,0,0,0,16.52621078,16.57224083,15.66388035,15.11192989,15.1583004,14.54073048,13.97609997,12.88782024,13.05513954,12.93340969,13.38630009,13.28635979,14.54819965,0,0,0,0
Expenditure on education as % of total government expenditure (%),Government Expenditure,India,IND,SE.XPD.TOTL.GB.ZS,0,0,0,0,0,0,0,0,0,0,0,0,0,0,0,0,0,0,0,0,0,0,0,0,0,0,0,13.90414047,14.77775002,17.64340973,17.49650002,0,0,12.92222977,11.55218983,11.53215027,11.78108978,0,0,10.82184029,11.74277973,13.67652035,14.06268024,14.09095955,0,0,0,0,0
Expenditure on education as % of total government expenditure (%),Government Expenditure,China,CHN,SE.XPD.TOTL.GB.ZS,0,0,0,0,0,0,0,0,0,0,0,0,0,9.563249588,9.76224041,10.68737984,10.43900967,9.461580276,10.74394035,0,0,0,12.2905302,14.77394962,20.0649395,18.71717072,19.50534058,0,14.55140972,12.63156033,0,0,0,0,0,0,0,0,0,0,0,0,0,0,0,0,0,0,0
GDP at market prices (current US$),"GDP, GNI",India,IND,NY.GDP.MKTP.CD,61589800520,66452561868,70509913047,84374541625,98198276857,97159222028,1.01E+11,1.20E+11,1.35E+11,1.51E+11,1.84E+11,1.91E+11,1.98E+11,2.15E+11,2.09E+11,2.29E+11,2.46E+11,2.75E+11,2.93E+11,2.92E+11,3.17E+11,2.67E+11,2.84E+11,2.76E+11,3.23E+11,3.55E+11,3.88E+11,4.10E+11,4.16E+11,4.53E+11,4.62E+11,4.79E+11,5.08E+11,6.00E+11,7.00E+11,8.09E+11,9.20E+11,1.20E+12,1.19E+12,1.32E+12,1.66E+12,1.82E+12,1.83E+12,1.86E+12,2.04E+12,2.09E+12,2.26E+12,0,0
GDP at market prices (current US$),"GDP, GNI",United States,USA,NY.GDP.MKTP.CD,1.08E+12,1.17E+12,1.28E+12,1.43E+12,1.55E+12,1.69E+12,1.88E+12,2.09E+12,2.36E+12,2.63E+12,2.86E+12,3.21E+12,3.34E+12,3.64E+12,4.04E+12,4.35E+12,4.59E+12,4.87E+12,5.25E+12,5.66E+12,5.98E+12,6.17E+12,6.54E+12,6.88E+12,7.31E+12,7.66E+12,8.10E+12,8.61E+12,9.09E+12,9.66E+12,1.03E+13,1.06E+13,1.10E+13,1.15E+13,1.23E+13,1.31E+13,1.39E+13,1.45E+13,1.47E+13,1.44E+13,1.50E+13,1.55E+13,1.62E+13,1.67E+13,1.74E+13,1.81E+13,1.86E+13,0,0
GDP at market prices (current US$),"GDP, GNI",China,CHN,NY.GDP.MKTP.CD,92602973434,99800958648,1.14E+11,1.39E+11,1.44E+11,1.63E+11,1.54E+11,1.75E+11,1.50E+11,1.78E+11,1.91E+11,1.96E+11,2.05E+11,2.31E+11,2.60E+11,3.09E+11,3.01E+11,2.73E+11,3.12E+11,3.48E+11,3.61E+11,3.83E+11,4.27E+11,4.45E+11,5.64E+11,7.35E+11,8.64E+11,9.62E+11,1.03E+12,1.09E+12,1.21E+12,1.34E+12,1.47E+12,1.66E+12,1.96E+12,2.29E+12,2.75E+12,3.55E+12,4.60E+12,5.11E+12,6.10E+12,7.57E+12,8.56E+12,9.61E+12,1.05E+13,1.11E+13,1.12E+13,0,0
GDP per capita (current US$),"GDP, GNI",United States,USA,NY.GDP.PCAP.CD,5246.883717,5623.443978,6109.925868,6741.332364,7242.441105,7820.065471,8611.401839,9471.306172,10587.28576,11695.55442,12597.66751,13993.16674,14438.97628,15561.4264,17134.28602,18269.42217,19115.05291,20100.85889,21483.23306,22922.43709,23954.47935,24405.16481,25492.95165,26464.85251,27776.63553,28782.17502,30068.23092,31572.69023,32949.19776,34620.9289,36449.85512,37273.6181,38166.03784,39677.19835,41921.80976,44307.92058,46437.06712,48061.53766,48401.42734,47001.55535,48373.87882,49790.66548,51450.1223,52787.02695,54598.55069,56469.00897,57638.15909,0,0
GDP per capita (current US$),"GDP, GNI",India,IND,NY.GDP.PCAP.CD,111.2575706,117.3607381,121.6922886,142.2700813,161.7630106,156.3800951,159.4077984,184.2728749,203.5587046,221.6879474,263.8407198,267.7110103,271.3335961,288.3071697,273.9018266,293.4886471,307.395346,337.0639962,350.6727391,342.7238981,363.9640873,300.0966366,313.8601101,298.2176638,342.7175187,370.1013553,396.0146123,411.3877208,409.1943859,437.5861178,438.8646304,447.0138966,466.2008042,541.1352279,621.3183767,707.008019,792.0259698,1018.166373,991.4846304,1090.317765,1345.770153,1461.671957,1446.98541,1452.195373,1573.118089,1596.470003,1709.591808,0,0
GDP per capita (current US$),"GDP, GNI",China,CHN,NY.GDP.PCAP.CD,113.1629916,118.6545778,131.8835612,157.0903743,160.1400937,178.3418196,165.4055404,185.4228329,156.3963885,183.9831522,194.8047222,197.0714745,203.3349195,225.4319289,250.713969,294.4588485,281.9281209,251.811957,283.5376952,310.8819124,317.884673,333.1421454,366.4606923,377.3898395,473.4922787,609.6566792,709.4137551,781.7441643,828.5804793,873.2870617,959.3724836,1053.108243,1148.50829,1288.643252,1508.668098,1753.417829,2099.229435,2695.365917,3471.248054,3838.433972,4560.512586,5633.795717,6337.883323,7077.770765,7683.502613,8069.213024,8123.180873,0,0
GNI (current US$),"GDP, GNI",United States,USA,NY.GNP.MKTP.CD,1.08E+12,1.17E+12,1.28E+12,1.44E+12,1.56E+12,1.69E+12,1.87E+12,2.09E+12,2.36E+12,2.62E+12,2.85E+12,3.21E+12,3.37E+12,3.62E+12,4.04E+12,4.32E+12,4.53E+12,4.85E+12,5.28E+12,5.62E+12,5.92E+12,6.12E+12,6.46E+12,6.76E+12,7.20E+12,7.60E+12,8.08E+12,8.62E+12,9.17E+12,9.73E+12,1.04E+13,1.08E+13,1.11E+13,1.16E+13,1.24E+13,1.32E+13,1.41E+13,1.46E+13,1.48E+13,1.45E+13,1.51E+13,1.58E+13,1.66E+13,1.71E+13,1.79E+13,1.86E+13,1.90E+13,0,0
GNI (current US$),"GDP, GNI",China,CHN,NY.GNP.MKTP.CD,92602973434,99800958648,1.14E+11,1.39E+11,1.44E+11,1.63E+11,1.54E+11,1.75E+11,1.50E+11,1.78E+11,1.91E+11,1.96E+11,2.05E+11,2.32E+11,2.61E+11,3.10E+11,3.01E+11,2.73E+11,3.12E+11,3.48E+11,3.62E+11,3.84E+11,4.27E+11,4.44E+11,5.63E+11,7.23E+11,8.51E+11,9.51E+11,1.01E+12,1.08E+12,1.20E+12,1.32E+12,1.46E+12,1.65E+12,1.95E+12,2.27E+12,2.75E+12,3.56E+12,4.63E+12,5.10E+12,6.07E+12,7.50E+12,8.54E+12,9.53E+12,1.05E+13,1.10E+13,1.12E+13,0,0
GNI (current US$),"GDP, GNI",India,IND,NY.GNP.MKTP.CD,61211133853,66061516932,70119257729,83961213379,97833414025,96864540169,1.01E+11,1.20E+11,1.35E+11,1.51E+11,1.84E+11,1.91E+11,1.97E+11,2.14E+11,2.08E+11,2.28E+11,2.44E+11,2.73E+11,2.90E+11,2.89E+11,3.12E+11,2.62E+11,2.80E+11,2.72E+11,3.19E+11,3.51E+11,3.84E+11,4.07E+11,4.12E+11,4.49E+11,4.57E+11,4.75E+11,5.05E+11,5.95E+11,6.95E+11,8.03E+11,9.13E+11,1.20E+12,1.18E+12,1.32E+12,1.64E+12,1.81E+12,1.81E+12,1.83E+12,2.01E+12,2.07E+12,2.24E+12,0,0
Government expenditure in educational institutions as % of GDP (%),Government Expenditure,China,CHN,UIS.XGDP.FSGOV.FDINSTADM.FFD,0,0,0,0,0,0,0,0,0,0,0,0,0,0,0,0,0,0,0,0,0,0,0,0,0,0,0,0,0,1.856099963,0,0,0,0,0,0,0,0,0,0,0,0,0,0,0,0,0,0,0
Government expenditure in educational institutions as % of GDP (%),Government Expenditure,United States,USA,UIS.XGDP.FSGOV.FDINSTADM.FFD,0,0,0,0,0,0,0,0,0,0,0,0,0,0,0,0,0,0,0,0,0,0,0,0,0,0,0,0,4.566800117,4.605750084,4.572309971,4.920939922,5.195179939,5.304969788,5.041490078,4.765850067,4.950260162,4.979579926,5.052810192,5.017380238,5.034619808,4.8259902,0,0,0,0,0,0,0
Government expenditure in educational institutions as % of GDP (%),Government Expenditure,India,IND,UIS.XGDP.FSGOV.FDINSTADM.FFD,0,0,0,0,0,0,0,0,0,0,0,0,0,0,0,0,0,0,0,0,0,0,0,0,0,0,0,0,0,0,4.244369984,3.888469934,0,3.546309948,3.290780067,3.128520012,3.086610079,0,0,3.204190016,3.310290098,3.706589937,3.807399988,0,0,0,0,0,0
Government expenditure on education as % of GDP (%),Government Expenditure,United States,USA,SE.XPD.TOTL.GD.ZS,0,0,0,0,0,0,0,0,0,0,0,0,0,0,0,0,4.583260059,0,4.677619934,4.798500061,4.814449787,4.898729801,0,0,4.873179913,4.940680027,0,0,4.814990044,4.84965992,0,5.449790001,5.417329788,5.554140091,5.31415987,5.063310146,5.386229992,5.229839802,5.295360088,5.256219864,5.427070141,5.211500168,5.200870037,4.930130005,5.38078022,0,0,0,0
Government expenditure on education as % of GDP (%),Government Expenditure,China,CHN,SE.XPD.TOTL.GD.ZS,0,1.386989951,1.606269956,1.648550034,1.759719968,1.708220005,1.815719962,1.749539971,1.958150029,2.148289919,1.910889983,1.947170019,2.035749912,2.07723999,1.998209953,2.007910013,2.056829929,1.800490022,1.761909962,0,0,0,1.654229999,1.656610012,1.987239957,1.843119979,1.85374999,0,1.844230056,1.887300014,0,0,0,0,0,0,0,0,0,0,0,0,0,0,0,0,0,0,0
Government expenditure on education as % of GDP (%),Government Expenditure,India,IND,SE.XPD.TOTL.GD.ZS,0,0,0,0,0,0,0,0,0,0,0,0,0,0,0,0,0,0,0,0,0,0,0,0,0,0,0,3.308470011,3.516340017,4.347439766,4.256840229,0,0,3.546000004,3.296499968,3.135930061,3.093549967,0,0,3.310760021,3.424160004,3.838660002,3.865880013,3.84236002,0,0,0,0,0
"Graduates from tertiary education, both sexes (number)",Graduates,United States,USA,SE.TER.GRAD,0,1331200,0,1507799,0,1409383,1750726,1824093,1837903,0,0,1748212,1752995,1787798,1810732,1820643,0,1830284,0,1870773,1907625,1987650,2024668,0,2384819,2441994,2454932,0,0,2069033,2150954,2174142,2238327,2355724,2473299,2557595,2639006,2704070,2782270,2881557,2997614,3164951,3308494,3784640,3813956,0,0,0,0
"Graduates from tertiary education, both sexes (number)",Graduates,India,IND,SE.TER.GRAD,0,0,0,0,0,0,1033586,677725,749454,759231,1095682,0,0,0,0,0,0,0,860725,1063368,1102446,1146448,1213387,0,0,0,0,0,0,0,0,0,0,0,0,0,0,0,0,0,0,0,0,8846030,7741584,8428836,0,0,0
"Graduates from tertiary education, both sexes (number)",Graduates,China,CHN,SE.TER.GRAD,0,102672,0,5945,16961,30057,43282,118955,149154,194426,164581,85085,147111,149133,460422,339325,289241,330313,407014,556314,589594,609749,645510,643583,627571,1040135,0,0,0,0,1775999,1804660,1948080,0,3977882,5004102,5622795,5872815,7071047,7716957,7863663,8733298,9135720,9366202,11380503,11923653,0,0,0
"Graduates from tertiary education, female (number)",Graduates,United States,USA,SE.TER.GRAD.FE,0,544423,0,622529,0,644253,776362,814674,838725,0,0,858088,870601,897516,911518,918449,0,928911,0,988092,1021116,1077368,1096905,0,1303681,1342620,1354800,0,0,1165775,1225978,1241414,1282564,1353548,1427311,1482496,1539689,1581125,1626282,1684190,1754139,1849525,1931499,2216608,2228523,0,0,0,0
"Graduates from tertiary education, female (number)",Graduates,China,CHN,SE.TER.GRAD.FE,0,0,0,0,0,0,0,0,0,0,0,0,0,0,0,0,0,0,0,0,0,0,0,0,0,0,0,0,0,0,0,0,0,0,1805589,2294295,2567337,2750852,3387354,3751223,3852772,4342746,4604676,4751345,5818568,6146365,0,0,0
"Graduates from tertiary education, female (number)",Graduates,India,IND,SE.TER.GRAD.FE,0,0,0,0,0,0,0,0,0,0,0,0,0,0,0,0,0,0,260322,0,0,0,0,0,0,0,0,0,0,0,0,0,0,0,0,0,0,0,0,0,0,0,0,4344684,3887470,4252621,0,0,0
"Gross enrolment ratio, primary, both sexes (%)",Enrolment Ratio,India,IND,SE.PRM.ENRR,0,78.8656311,79.57206726,82.65651703,82.01222229,82.84013367,82.65158844,85.23052979,81.41600037,81.19017029,82.5671463,84.15773773,84.82649231,86.76937866,88.38440704,88.21999359,90.38838959,88.23335266,89.55368805,92.53076935,91.83390808,91.54216766,91.8289032,93.52689362,94.64933014,94.36852264,94.23313904,93.85736847,92.22186279,92.89160156,94.58763123,94.41246796,95.02355957,102.9623489,0,0,0,110.2214432,110.8635025,109.5730286,109.1836472,108.3747177,109.7577515,110.5846481,107.9214325,108.6006165,0,0,0
"Gross enrolment ratio, primary, both sexes (%)",Enrolment Ratio,China,CHN,SE.PRM.ENRR,109.1377869,108.3008118,109.9264679,117.2958679,120.9589462,123.2864532,123.2709808,118.0928268,112.1015015,110.7208481,111.2381668,112.7674103,112.4093781,112.4982376,113.3832321,118.6392212,123.5658188,128.3821259,130.3918152,130.7381897,129.7021942,126.3403931,123.4035416,119.8457031,116.281311,112.9893494,109.1171112,0,106.2041931,0,0,107.4354706,110.2409668,113.4654999,0,0,104.7535095,109.3653564,112.9970474,113.9523926,112.4739227,110.7839813,110.088768,108.7339478,103.9189682,104.1251297,0,0,0
"Gross enrolment ratio, primary, both sexes (%)",Enrolment Ratio,United States,USA,SE.PRM.ENRR,0,88.49246979,88.01554108,90.27851105,89.40389252,89.23706818,90.10591888,90.35359955,90.82428741,90.45075226,98.84832001,98.69754791,100.6820297,99.29606628,98.13123322,98.35027313,99.81535339,100.8256302,0,0,105.162117,104.4173126,0,102.9622269,102.4447937,103.8801727,103.9190979,0,103.9386292,103.573082,102.5235672,102.9981003,100.5940704,100.5753937,100.0040283,100.7020874,101.5988464,102.7861023,103.3816299,102.3355179,100.6018219,99.89647675,99.56440735,99.42176819,99.53204346,100.1470413,0,0,0
"Gross enrolment ratio, secondary, both sexes (%)",Enrolment Ratio,India,IND,SE.SEC.ENRR,0,24.02639008,24.49538994,24.96640015,0,25.66390038,25.81777954,26.38726997,26.76132965,0,28.94630051,30.39611053,31.91077042,33.90954971,35.29776001,0,37.4091301,37.0304718,37.12025833,37.29241943,0,0,0,45.51369858,45.8368187,45.54281998,45.47692108,46.03047943,0,43.22161102,45.06362152,45.34122849,47.26625824,49.82318115,51.57170105,54.17274094,55.0823288,57.47719955,60.55574036,59.79393005,63.29093933,66.42167664,69.16414642,68.89720917,74.2754364,73.96920013,0,0,0
"Gross enrolment ratio, secondary, both sexes (%)",Enrolment Ratio,China,CHN,SE.SEC.ENRR,28.22388077,37.98815155,45.78701019,51.99147034,48.59341049,49.3224411,57.40259171,58.2737999,54.89197159,50.69509125,43.89680099,39.55870819,33.61378098,30.70844078,30.13414955,31.44628906,33.09479904,35.23152161,36.79692841,37.05006027,37.31504059,39.63742828,42.80125046,45.73823929,47.40177917,51.20373154,55.70798111,58.39163971,0,61.25782013,61.02743912,60.90147018,60.79652023,62.26667023,0,0,68.44516754,72.58003998,76.69760895,80.60784912,84.92115784,89.07794189,92.14324951,96.24175262,94.3320694,94.29920959,0,0,0
"Gross enrolment ratio, secondary, both sexes (%)",Enrolment Ratio,United States,USA,SE.SEC.ENRR,0,83.84320068,84.84906006,0,85.16272736,85.18713379,85.36267853,85.40564728,85.09819794,78.57421875,90.8430481,89.5338974,92.75406647,92.92421722,94.91506195,93.9609375,95.04894257,95.24610138,0,0,91.00752258,90.87973785,0,95.36197662,96.47335815,95.05888367,94.72489166,0,94.82893372,94.04444122,93.17204285,93.95050812,93.28764343,95.00524139,95.50248718,95.67317963,95.40374756,96.07393646,95.97541809,95.41825104,94.31130981,94.67604828,94.98032379,95.92958069,97.56468964,0,0,0,0
"Gross enrolment ratio, tertiary, both sexes (%)",Enrolment Ratio,India,IND,SE.TER.ENRR,0,4.951029778,0,5.024750233,0,0,5.009679794,4.868989944,5.019159794,4.989820004,4.992060184,5.275249958,4.964710236,5.579840183,5.880720139,5.849510193,6.005340099,6.346849918,5.544620037,5.759439945,5.956150055,6.038839817,0,0,0,5.550330162,6.28704977,6.566959858,0,0,9.547439575,9.73581028,10.22144985,10.67383957,10.98427963,10.73015976,11.54055977,13.18877029,15.11709976,16.1029892,17.91148949,22.86137009,24.36532974,23.89011002,25.53544998,26.87487984,0,0,0
"Gross enrolment ratio, tertiary, both sexes (%)",Enrolment Ratio,China,CHN,SE.TER.ENRR,0.131139994,0,0,0.212300003,0.347900003,0.488460004,0.578970015,0.652999997,0.723950028,0.988740027,1.155030012,1.818240047,0,0,2.052690029,2.475470066,3.016839981,3.157269955,3.12477994,3.032429934,3.012470007,2.93091011,2.843889952,2.93091011,3.666640043,4.461070061,4.996650219,5.450910091,5.975880146,6.509950161,7.720479965,9.951310158,12.79104042,15.63580036,17.91102982,19.3358593,20.4976902,20.84453011,20.93997955,22.51596069,23.94791985,24.87281036,27.18442917,30.16206932,39.39038849,43.39176941,0,0,0
"Gross enrolment ratio, tertiary, both sexes (%)",Enrolment Ratio,United States,USA,SE.TER.ENRR,0,47.32349014,48.16539001,48.62374878,48.98020172,51.00593948,54.66891861,52.83871078,53.28953934,52.5031395,53.44659042,55.52165985,56.7665596,57.32207108,58.1328392,57.98939133,59.15856171,61.80480957,64.4732666,67.16770935,70.75005341,72.54711151,77.08592224,78.68479919,78.30893707,78.30999756,77.78186798,0,70.63162994,72.16420746,68.13630676,68.98013306,79.33296204,81.31324005,81.46356201,82.08444214,82.0530014,83.03105927,85.00682068,88.58174133,94.22801208,96.32240295,94.84227753,88.80857086,86.66396332,85.79577637,0,0,0
"Inbound mobility rate, both sexes (%)",Mobility,China,CHN,UIS.MSEP.56,0,0,0,0,0,0,0,0,0,0,0,0,0,0,0,0,0,0,0,0,0,0,0,0,0,0,0,0,0,0,0,0,0,0,0,0,0.155760005,0.166250005,0.191210002,0.208939999,0.230859995,0.254370004,0.273059994,0.282799989,0,0,0,0,0
"Inbound mobility rate, both sexes (%)",Mobility,United States,USA,UIS.MSEP.56,0,0,0,0,0,0,0,0,0,0,0,0,0,0,0,0,0,0,0,0,0,0,0,0,0,0,0,0,3.242889881,3.282180071,3.59897995,3.495019913,3.660200119,3.529530048,3.387530088,3.416840076,3.343640089,3.355360031,3.422130108,3.458029985,3.352339983,3.376290083,3.527090073,3.927510023,0,0,0,0,0
"Inbound mobility rate, both sexes (%)",Mobility,India,IND,UIS.MSEP.56,0,0,0,0,0,0,0,0,0,0,0,0,0,0,0,0,0,0,0,0,0,0,0,0,0,0,0,0,0,0,0.074309997,0.079219997,0.077009998,0.068510003,0.064029999,0.096019998,0.096280001,0,0,0,0,0.103299998,0.099179998,0.122160003,0,0,0,0,0
Internet users (per 100 people),Internet Users,United States,USA,IT.NET.USER.P2,0,0,0,0,0,0,0,0,0,0,0,0,0,0,0,0,0,0,0,0,0.784728502,1.163193726,1.724202539,2.271673294,4.862780635,9.237088297,16.41935296,21.61640097,30.09319659,35.84872446,43.07916264,49.08083159,58.78540388,61.69711712,64.75825648,67.96805292,68.93119327,75,74,71,71.69,69.72946076,74.7,71.4,73,74.55420245,76.17673698,0,0
Internet users (per 100 people),Internet Users,India,IND,IT.NET.USER.P2,0,0,0,0,0,0,0,0,0,0,0,0,0,0,0,0,0,0,0,0,0,0,0.000111308,0.000218176,0.001069562,0.026228879,0.046333977,0.070767849,0.139027329,0.273224277,0.52753245,0.660146377,1.537875582,1.686489971,1.976136492,2.388075,2.805499865,3.95,4.38,5.12,7.5,10.07,12.58006091,15.1,21,26,29.54716289,0,0
Internet users (per 100 people),Internet Users,China,CHN,IT.NET.USER.P2,0,0,0,0,0,0,0,0,0,0,0,0,0,0,0,0,0,0,0,0,0,0,0,0.00016868,0.001168115,0.00495471,0.013081692,0.032394861,0.168540297,0.708187957,1.775913207,2.639650215,4.595704331,6.2,7.3,8.523257003,10.52315262,16,22.6,28.9,34.3,38.3,42.30011749,45.8,47.9,50.3,53.2,0,0
"Labor force, female (% of total labor force)",Labor,India,IND,SL.TLF.TOTL.FE.ZS,0,0,0,0,0,0,0,0,0,0,0,0,0,0,0,0,0,0,0,0,27.93802169,28.00693518,28.10492791,28.23784675,28.4165345,28.32814071,28.24304969,28.15573869,28.06678161,27.97765894,27.88867945,28.20217525,28.51724294,28.83154461,29.14240583,29.44902842,28.57375257,27.6915782,26.80563712,25.92009692,25.03794864,24.5638736,24.09777209,24.23505123,24.37862234,24.52109312,24.69336137,0,0
"Labor force, female (% of total labor force)",Labor,China,CHN,SL.TLF.TOTL.FE.ZS,0,0,0,0,0,0,0,0,0,0,0,0,0,0,0,0,0,0,0,0,45.15261183,45.14231234,45.12439655,45.10268709,45.08091254,45.06144113,45.05756237,45.0497358,45.04258677,45.04244469,45.05203287,44.96490126,44.88157815,44.79459013,44.69616876,44.58571802,44.47761272,44.36529857,44.25074762,44.13361155,44.01178427,43.9786172,43.94285804,43.91370664,43.87256505,43.82188675,43.76275416,0,0
"Labor force, female (% of total labor force)",Labor,United States,USA,SL.TLF.TOTL.FE.ZS,0,0,0,0,0,0,0,0,0,0,0,0,0,0,0,0,0,0,0,0,44.31817689,44.43605793,44.57207534,44.69266805,45.15821027,45.19721978,45.30035023,45.46748667,45.48943885,45.54659181,45.55879429,45.6164512,45.66866916,45.8181673,45.7475371,45.77773156,45.76040672,45.80893909,45.95642396,46.16297892,46.16462726,46.09492694,45.97104023,45.89419849,45.95011237,45.84590032,45.84764605,0,0
"Labor force, total",Labor,India,IND,SL.TLF.TOTL.IN,0,0,0,0,0,0,0,0,0,0,0,0,0,0,0,0,0,0,0,0,327611171,335307428,343350822,351839869,360945118,368223997,375264864,382545481,390042095,397712876,405518817,417004004,428865130,441047175,453489591,466154153,467169479,468123348,469003857,469826457,470609097,473680568,476798401,485904663,494960467,503832494,512767339,0,0
"Labor force, total",Labor,China,CHN,SL.TLF.TOTL.IN,0,0,0,0,0,0,0,0,0,0,0,0,0,0,0,0,0,0,0,0,639940777,648165078,658133107,668968036,679288257,688172429,700455385,709661012,717194611,725253321,734852598,740671632,747357274,754391191,760819579,766356401,770372410,774185758,777396382,779406536,779951535,782572261,784497000,785762067,786598346,787109802,787086139,0,0
"Labor force, total",Labor,United States,USA,SL.TLF.TOTL.IN,0,0,0,0,0,0,0,0,0,0,0,0,0,0,0,0,0,0,0,0,127940053,128696047,130848408,132278225,134617308,136502967,138421687,140843160,142835576,144821095,146767633,147741175,148569048,149184806,150259265,152118265,153993286,155293472,157089033,157204844,157021140,157140197,158430696,158992318,159770001,160767760,162637713,0,0
"Mortality rate, under-5 (per 1,000)",Mortality,China,CHN,SH.DYN.MORT,113.5,107.8,102.3,96.7,91.1,85.5,80.1,74.9,70.3,66.3,62.8,59.9,57.7,56,54.8,54.2,53.9,53.9,54,54.1,53.9,53.3,52.3,50.9,49.3,47.5,45.5,43.6,41.5,39.3,36.9,34.3,31.6,28.9,26.3,24,21.9,20,18.4,17,15.7,14.6,13.5,12.5,11.5,10.7,9.9,0,0
"Mortality rate, under-5 (per 1,000)",Mortality,India,IND,SH.DYN.MORT,213,209.7,206.1,202.2,198.1,193.6,188.8,183.6,178.2,172.8,167.5,162.5,157.7,153.4,149.2,145.2,141.3,137.3,133.4,129.6,125.9,122.4,119,115.7,112.5,109.1,105.7,102.3,98.7,95.1,91.5,87.9,84.4,81,77.7,74.4,71.2,68,64.9,61.9,58.8,55.9,53,50.3,47.7,45.2,43,0,0
"Mortality rate, under-5 (per 1,000)",Mortality,United States,USA,SH.DYN.MORT,23.3,22.4,21.5,20.6,19.7,18.8,17.9,17.1,16.3,15.6,15,14.4,13.9,13.4,13,12.7,12.4,12.1,11.9,11.6,11.2,10.9,10.5,10.1,9.8,9.5,9.2,8.9,8.7,8.6,8.4,8.3,8.2,8.1,8.1,8,7.9,7.8,7.6,7.5,7.3,7.2,7,6.9,6.8,6.6,6.5,0,0
"Net enrolment rate, primary, gender parity index (GPI)",Enrolment,China,CHN,UIS.NER.1.GPI,0,0,0,0,0,0,0,0,0,0,0,0,0,0,0,0,0,0.919950008,0,0,0,0,0.945569992,0.95006001,0.956399977,0.967440009,0.977630019,0.987789989,0,0,0,0,0,0,0,0,0,0,0,0,0,0,0,0,0,0,0,0,0
"Net enrolment rate, primary, gender parity index (GPI)",Enrolment,India,IND,UIS.NER.1.GPI,0,0.654690027,0,0,0,0,0,0,0,0,0,0,0,0,0,0,0,0,0,0,0.737089992,0,0,0,0,0,0,0,0,0,0.844190001,0.854860008,0.870859981,0.973140001,0,0,0,0.985220015,1.012889981,1.026430011,1.022119999,1.029729962,1.013779998,1.013669968,0,0,0,0,0
"Net enrolment rate, primary, gender parity index (GPI)",Enrolment,United States,USA,UIS.NER.1.GPI,0,0,0,0,0,0,0,0,0,0,0,0,0,0,0,0,1.022840023,1.023110032,0,0,1.011919975,1.004600048,0,0.999800026,1.007660031,1.002959967,1.006539941,0,0,1.003520012,1.002959967,1.016330004,1.014410019,1.014479995,1.015499949,1.015499949,1.020349979,1.011800051,1.011389971,1.02015996,1.004770041,1.014410019,0.996290028,0.99684,1.004719973,0,0,0,0
"Net flow ratio of internationally mobile students (inbound - outbound), both sexes (%)",Mobility,China,CHN,UIS.MENFR.56,0,0,0,0,0,0,0,0,0,0,0,0,0,0,0,0,0,0,0,0,0,0,0,0,0,0,0,0,0,0,0,0,0,0,0,0,-1.587689996,-1.531649947,-1.531759977,-1.556959987,-1.600510001,-1.823770046,-1.856609941,-1.806169987,0,0,0,0,0
"Net flow ratio of internationally mobile students (inbound - outbound), both sexes (%)",Mobility,India,IND,UIS.MENFR.56,0,0,0,0,0,0,0,0,0,0,0,0,0,0,0,0,0,0,0,0,0,0,0,0,0,0,0,0,0,0,-0.588590026,-0.675989985,-0.871190012,-0.984380007,-1.065219998,-1.143929958,-1.036090016,0,0,0,0,-0.663070023,-0.561659992,0,0,0,0,0,0
"Net flow ratio of internationally mobile students (inbound - outbound), both sexes (%)",Mobility,United States,USA,UIS.MENFR.56,0,0,0,0,0,0,0,0,0,0,0,0,0,0,0,0,0,0,0,0,0,0,0,0,0,0,0,0,2.955270052,2.980760098,3.269639969,3.144299984,3.331919909,3.219939947,3.087960005,3.111730099,3.032459974,3.031830072,3.119119883,3.159559965,3.070830107,3.091939926,3.239880085,3.625639915,0,0,0,0,0
Official entrance age to compulsory education (years),Starting Age,China,CHN,UIS.CEAGE.1,0,0,0,0,0,0,0,0,0,0,0,0,0,0,0,0,0,0,0,0,0,0,0,0,0,0,0,0,0,6,6,6,6,6,6,6,6,6,6,6,6,6,6,6,0,0,0,0,0
Official entrance age to compulsory education (years),Starting Age,India,IND,UIS.CEAGE.1,0,0,0,0,0,0,0,0,0,0,0,0,0,0,0,0,0,0,0,0,0,0,0,0,0,0,0,0,0,0,0,0,0,0,0,0,0,0,0,6,6,6,6,6,6,0,0,0,0
Official entrance age to compulsory education (years),Starting Age,United States,USA,UIS.CEAGE.1,0,0,0,0,0,0,0,0,0,0,0,0,0,0,0,0,0,0,0,0,0,0,0,0,0,0,0,0,0,6,6,6,6,6,6,6,6,6,6,6,6,6,6,6,6,0,0,0,0
"Out-of-school children of primary school age, both sexes (number)",Unschooled,China,CHN,SE.PRM.UNER,0,0,0,0,0,0,0,0,0,0,0,0,0,0,0,0,0,5660341,3669106,3362268,3006953,2779462,2768094,4165539,6206704,8735886,10988655,34666216,0,0,0,0,0,0,0,0,0,0,0,0,0,0,0,0,0,0,0,0,0
"Out-of-school children of primary school age, both sexes (number)",Unschooled,India,IND,SE.PRM.UNER,0,27981592,0,0,0,0,0,0,0,0,0,0,0,0,0,0,0,0,0,0,23894508,0,0,0,0,0,0,0,0,0,19054168,19214096,19553992,13777284,0,0,0,3790861,3786269,5501223,4826441,5385334,3842791,2886200,0,0,0,0,0
"Out-of-school children of primary school age, both sexes (number)",Unschooled,United States,USA,SE.PRM.UNER,0,0,0,0,0,4324144,0,0,0,0,0,0,0,0,0,0,1363395,1031354,0,0,413386,429154,0,882692,982826,678640,818459,0,0,598595,580495,660324,987543,1103082,1366373,1147586,896918,673793,600136,953493,1261861,1480959,1442532,1516354,1470712,1372090,0,0,0
"Outbound mobility ratio, all regions, both sexes (%)",Mobility,United States,USA,UIS.OMR.56,0,0,0,0,0,0,0,0,0,0,0,0,0,0,0,0,0,0,0,0,0,0,0,0,0,0,0,0,0.287620008,0.301420003,0.329340011,0.350719988,0.328280002,0.309599996,0.299569994,0.305110008,0.311190009,0.323529989,0.303009987,0.29846999,0.281509995,0.284350008,0.287209988,0.301869988,0,0,0,0,0
"Outbound mobility ratio, all regions, both sexes (%)",Mobility,India,IND,UIS.OMR.56,0,0,0,0,0,0,0,0,0,0,0,0,0,0,0,0,0,0,0,0,0,0,0,0,0,0,0,0,0,0,0.662890017,0.755209982,0.948199987,1.052880049,1.129240036,1.239959955,1.132359982,1.086539984,1.067010045,1.098449945,1.006340027,0.766369998,0.660839975,0.636879981,0,0,0,0,0
"Outbound mobility ratio, all regions, both sexes (%)",Mobility,China,CHN,UIS.OMR.56,0,0,0,0,0,0,0,0,0,0,0,0,0,0,0,0,0,0,0,0,0,0,0,0,0,0,0,0,1.972980022,1.933449984,1.917770028,1.762480021,1.848680019,2.059619904,2.022660017,1.95875001,1.743450046,1.697900057,1.722980022,1.765900016,1.831359982,2.07814002,2.129659891,2.088969946,0,0,0,0,0
"Over-age enrolment ratio in primary education, both sexes (%)",Over-Age Primary,China,CHN,UIS.OAPP.1,0,0,0,0,0,0,0,0,0,0,0,0,0,0,0,0,0,29.27989006,29.03364944,27.21447945,25.51139069,23.17073059,21.80356979,19.30550957,17.4532795,16.4135704,14.17673016,12.35709953,0,0,0,0,0,0,0,0,0,0,0,0,0,0,0,0,0,0,0,0,0
"Over-age enrolment ratio in primary education, both sexes (%)",Over-Age Primary,India,IND,UIS.OAPP.1,0,9.318189621,0,0,0,0,0,0,0,0,0,0,0,0,0,0,0,0,0,0,6.18983984,0,0,0,0,0,0,0,0,0,0,0,0,0,0,0,0,0,0,0,0,0,0,6.534689903,0,0,0,0,0
"Over-age enrolment ratio in primary education, both sexes (%)",Over-Age Primary,United States,USA,UIS.OAPP.1,0,0,0,0,0,14.56330967,0,0,0,0,0,0,0,0,0,0,5.318150043,5.022920132,0,0,6.098539829,5.619140148,0,6.009140015,5.667300224,5.800000191,6.302639961,0,0,0,0,0,0,0,0,0,0,0,0,0,0,0,0,0,0,0,0,0,0
"Percentage of all students in tertiary education enrolled in ISCED 6, both sexes (%)",% enrolled,United States,USA,UIS.TEP.6,0,0,0,0,0,0,0,0,0,0,0,0,0,0,0,0,0,0,0,0,0,0,0,0,0,0,0,0,0,0,0,0,0,0,0,0,0,0,0,0,0,0,0,48.22740936,48.0388298,0,0,0,0
"Percentage of all students in tertiary education enrolled in ISCED 6, both sexes (%)",% enrolled,China,CHN,UIS.TEP.6,0,0,0,0,0,0,0,0,0,0,0,0,0,0,0,0,0,0,0,0,0,0,0,0,0,0,0,0,0,0,0,0,0,0,0,0,0,0,0,0,0,0,0,52.55307007,51.36220932,0,0,0,0
"Percentage of all students in tertiary education enrolled in ISCED 6, both sexes (%)",% enrolled,India,IND,UIS.TEP.6,0,0,0,0,0,0,0,0,0,0,0,0,0,0,0,0,0,0,0,0,0,0,0,0,0,0,0,0,0,0,0,0,0,0,0,0,0,0,0,0,0,0,0,86.2568512,0,0,0,0,0
"Percentage of all students in tertiary education enrolled in ISCED 7, both sexes (%)",% enrolled,China,CHN,UIS.TEP.7,0,0,0,0,0,0,0,0,0,0,0,0,0,0,0,0,0,0,0,0,0,0,0,0,0,0,0,0,0,0,0,0,0,0,0,0,0,0,0,0,0,0,0,5.816949844,5.120329857,0,0,0,0
"Percentage of all students in tertiary education enrolled in ISCED 7, both sexes (%)",% enrolled,India,IND,UIS.TEP.7,0,0,0,0,0,0,0,0,0,0,0,0,0,0,0,0,0,0,0,0,0,0,0,0,0,0,0,0,0,0,0,0,0,0,0,0,0,0,0,0,0,0,0,13.39663982,0,0,0,0,0
"Percentage of all students in tertiary education enrolled in ISCED 7, both sexes (%)",% enrolled,United States,USA,UIS.TEP.7,0,0,0,0,0,0,0,0,0,0,0,0,0,0,0,0,0,0,0,0,0,0,0,0,0,0,0,0,0,0,0,0,0,0,0,0,0,0,0,0,0,0,0,12.61283016,12.73771,0,0,0,0
"Percentage of all students in tertiary education enrolled in ISCED 8, both sexes (%)",% enrolled,China,CHN,UIS.TEP.8,0,0,0,0,0,0,0,0,0,0,0,0,0,0,0,0,0,0,0,0,0,0,0,0,0,0,0,0,0,0,0,0,0,0,0,0,0,0,0,0,0,0,0,0.853160024,0.731440008,0,0,0,0
"Percentage of all students in tertiary education enrolled in ISCED 8, both sexes (%)",% enrolled,India,IND,UIS.TEP.8,0,0,0,0,0,0,0,0,0,0,0,0,0,0,0,0,0,0,0,0,0,0,0,0,0,0,0,0,0,0,0,0,0,0,0,0,0,0,0,0,0,0,0,0.346509993,0,0,0,0,0
"Percentage of all students in tertiary education enrolled in ISCED 8, both sexes (%)",% enrolled,United States,USA,UIS.TEP.8,0,0,0,0,0,0,0,0,0,0,0,0,0,0,0,0,0,0,0,0,0,0,0,0,0,0,0,0,2.196180105,2.127929926,2.219229937,2.202440023,0,1.847429991,2.222670078,2.226589918,2.222650051,2.231169939,2.525219917,2.394320011,2.346920013,2.342700005,2.345249891,1.960690022,1.989390016,0,0,0,0
Percentage of enrolment in early childhood education programmes in private institutions (%),% enrolled,United States,USA,UIS.PRP.0,0,0,0,0,0,0,0,0,0,0,0,0,0,0,0,0,0,0,0,0,0,0,0,0,0,0,0,0,0,0,34.96963,0,0,0,40.11321,38.41115,36.58787,35.35579,35.24091,34.07472,0,44.80216,43.01757,41.48076,40.94574,0,0,0,0
Percentage of enrolment in early childhood education programmes in private institutions (%),% enrolled,India,IND,UIS.PRP.0,0,0,0,0,0,0,0,0,0,0,0,0,0,0,0,0,0,0,0,0,0,0,0,0,0,0,0,0,0,0,0,0,0,0,0,0,0,0,0,0,0,0,0,79.34154,0,0,0,0,0
Percentage of enrolment in early childhood education programmes in private institutions (%),% enrolled,China,CHN,UIS.PRP.0,0,0,0,0,0,0,0,0,0,0,0,0,0,0,0,0,0,0,0,0,0,0,0,0,0,0,0,0,0,0,0,0,0,0,0,0,0,34.26405,36.98642,39.67877,0,47.0146,49.47396,50.2676,51.10172,0,0,0,0
Personal computers (per 100 people),Computers,India,IND,IT.CMP.PCMP.P2,0,0,0,0,0,0,0,0,0,0,0,0,0,0,0,0,0,0,0.017989203,0.023491419,0.031074104,0.039487844,0.045366547,0.060796376,0.085246718,0.125548706,0.154139006,0.201926351,0.267924508,0.321946599,0.441347863,0.566304386,0.696569159,0.857114049,1.17321211,1.508237352,2.703515081,3.192144908,0,0,0,0,0,0,0,0,0,0,0
Personal computers (per 100 people),Computers,United States,USA,IT.CMP.PCMP.P2,0,0,0,0,0,0,0,0,0,0,0,0.912057466,2.355772524,5.13328622,8.009835242,10.44776111,12.74921033,15.33023084,18.07746265,19.60850936,21.29610391,22.95032335,24.84091349,26.7642305,29.23755283,32.19672862,35.61532625,39.69316455,44.59571711,50.10320372,56.57173958,61.90601569,0,0,75.74268843,77.2724445,79.91548776,0,0,0,0,0,0,0,0,0,0,0,0
Personal computers (per 100 people),Computers,China,CHN,IT.CMP.PCMP.P2,0,0,0,0,0,0,0,0,0,0,0,0,0,0,0,0,0,0,0.026668379,0.03490476,0.042902658,0.067624202,0.09175268,0.115406459,0.163142572,0.22625688,0.360606658,0.596648371,0.885219768,1.217677275,1.608836313,1.941158894,2.740631245,3.869327839,4.043759025,4.818776837,5.588372306,0,0,0,0,0,0,0,0,0,0,0,0
Population growth (annual %),Population,China,CHN,SP.POP.GROW,2.761675566,2.74691555,2.45735693,2.283395364,2.065955013,1.766391782,1.547337973,1.362779476,1.338182338,1.333927954,1.254221052,1.280952344,1.47267476,1.444949695,1.312068761,1.361699118,1.487398929,1.603605087,1.610071086,1.533169996,1.467303211,1.364434008,1.225536228,1.149619431,1.130260632,1.086509151,1.048141514,1.023450024,0.959550406,0.865851393,0.787956593,0.726380638,0.669999568,0.622860936,0.593932815,0.58812499,0.558374367,0.522271866,0.512386932,0.497381401,0.482959689,0.479150454,0.487231118,0.493709634,0.506311592,0.508136747,0.541478512,0,0
Population growth (annual %),Population,India,IND,SP.POP.GROW,2.205114997,2.258760336,2.3021762,2.328080768,2.331781668,2.32052454,2.302276466,2.287869451,2.282378521,2.289659284,2.30361073,2.317217951,2.32167642,2.313328572,2.289168329,2.253971506,2.215960108,2.179738085,2.143456764,2.108347059,2.074320724,2.038691209,2.002906432,1.971204062,1.944743372,1.921399359,1.898649353,1.873466192,1.844585364,1.81083241,1.773545774,1.734728697,1.696185068,1.658100247,1.621038435,1.584251766,1.548885996,1.5120782,1.469688199,1.420203435,1.366797957,1.31187648,1.261205511,1.219418944,1.189328211,1.167527075,1.148214693,0,0
Population growth (annual %),Population,United States,USA,SP.POP.GROW,1.165002667,1.264333692,1.070522752,0.954476729,0.913660196,0.985986067,0.950220049,1.005771996,1.05957308,1.103576565,0.959589923,0.981415437,0.953317566,0.914378513,0.865817336,0.886129041,0.924164157,0.893829201,0.90799904,0.944405555,1.12965052,1.336260741,1.386885692,1.31868,1.226296089,1.190787091,1.16341162,1.203960297,1.165714526,1.148340047,1.112768997,0.989741382,0.927797486,0.859481713,0.925483969,0.921713167,0.964253917,0.951055243,0.945865287,0.876651299,0.836421536,0.745614384,0.746419895,0.7002623,0.74312426,0.729731987,0.692801346,0,0
"Population of compulsory school age, both sexes (number)",Compulsory Education,China,CHN,UIS.SAP.CE,0,0,0,0,0,0,0,0,0,0,0,0,0,0,0,0,0,0,0,0,0,0,0,0,0,0,0,0,221332208,224482512,223860144,219781888,213633904,204553248,193672272,182532432,172147904,162210096,153938592,147488080,142715248,139313440,137078544,136204800,0,0,0,0,0
"Population of compulsory school age, both sexes (number)",Compulsory Education,India,IND,UIS.SAP.CE,0,0,0,0,0,0,0,0,0,0,0,0,0,0,0,0,0,0,0,0,0,0,0,0,0,0,0,0,0,0,0,0,0,0,0,0,0,0,0,199927088,200884448,201642624,202375760,202961360,203349376,0,0,0,0
"Population of compulsory school age, both sexes (number)",Compulsory Education,United States,USA,UIS.SAP.CE,0,0,0,0,0,0,0,0,0,0,0,0,0,0,0,0,0,0,0,0,0,0,0,0,0,0,0,0,47207816,47943816,48607768,49134852,49574056,49814932,49883276,49820976,49671496,49569824,49597744,49727492,49899132,50032936,49885892,49677528,49488316,0,0,0,0
"Population, total",Population,India,IND,SP.POP.TOTL,553578513,566224812,579411513,593058926,607050255,621301720,635771734,650485030,665502284,680915804,696783517,713118032,729868013,746949067,764245202,781666671,799181436,816792741,834489322,852270034,870133480,888054875,906021106,924057817,942204249,960482795,978893217,997405318,1015974042,1034539214,1053050912,1071477855,1089807112,1108027848,1126135777,1144118674,1161977719,1179681239,1197146906,1214270132,1230980691,1247236029,1263065852,1278562207,1293859294,1309053980,1324171354,0,0
"Population, total",Population,United States,USA,SP.POP.TOTL,205052000,207661000,209896000,211909000,213854000,215973000,218035000,220239000,222585000,225055000,227225000,229466000,231664000,233792000,235825000,237924000,240133000,242289000,244499000,246819000,249623000,252981000,256514000,259919000,263126000,266278000,269394000,272657000,275854000,279040000,282162411,284968955,287625193,290107933,292805298,295516599,298379912,301231207,304093966,306771529,309348193,311663358,313998379,316204908,318563456,320896618,323127513,0,0
"Population, total",Population,China,CHN,SP.POP.TOTL,818315000,841105000,862030000,881940000,900350000,916395000,930685000,943455000,956165000,969005000,981235000,993885000,1008630000,1023310000,1036825000,1051040000,1066790000,1084035000,1101630000,1118650000,1135185000,1150780000,1164970000,1178440000,1191835000,1204855000,1217550000,1230075000,1241935000,1252735000,1262645000,1271850000,1280400000,1288400000,1296075000,1303720000,1311020000,1317885000,1324655000,1331260000,1337705000,1344130000,1350695000,1357380000,1364270000,1371220000,1378665000,0,0
Pupil-teacher ratio in pre-primary education (headcount basis),Student Teacher Ratio,India,IND,SE.PRE.ENRL.TC.ZS,0,42.90584946,46.50397873,47.99958038,0,53.88055038,0,0,0,0,0,0,0,0,0,62.05350876,0,0,0,0,0,0,0,0,0,0,0,0,0,0,0,0,8.636770248,9.173290253,8.021519661,6.641089916,7.130350113,0,0,0,0,0,0,0,0,20.10149956,0,0,0
Pupil-teacher ratio in pre-primary education (headcount basis),Student Teacher Ratio,United States,USA,SE.PRE.ENRL.TC.ZS,0,0,0,0,0,0,0,0,0,0,0,0,0,0,0,0,0,0,0,0,0,0,0,0,0,27.23220062,27.52514076,0,22.2179203,21.99283028,21.16065979,22.33773994,18.92181015,18.68416023,17.09794044,19.22204018,0,0,0,0,15.72929955,14.30356979,13.32726002,13.73962975,13.81997013,0,0,0,0
Pupil-teacher ratio in pre-primary education (headcount basis),Student Teacher Ratio,China,CHN,SE.PRE.ENRL.TC.ZS,0,0,0,0,28.65497017,25.09989929,26.21563911,27.13397026,26.78614044,28.43681908,29.85500908,28.01972008,26.33308029,26.80853081,26.33371925,26.36408043,26.90834999,26.92974091,27.75315094,27.66304016,26.05640984,26.31043053,28.7331295,29.79398918,30.53277969,30.52223969,30.98328972,30.00606918,28.48123932,27.44985008,26.66437912,26.20314026,0,0,0,0,22.88607979,22.42935944,22.38451958,22.71068001,24.03673935,23.15032959,23.01143074,22.26594925,21.03871918,19.93140984,0,0,0
Pupil-teacher ratio in primary education (headcount basis),Student Teacher Ratio,India,IND,SE.PRM.ENRL.TC.ZS,0,41.45214081,41.62026978,42.53532028,42.52024841,41.93172836,42.11304855,0,0,42.89831924,0,0,0,0,0,0,0,0,0,0,0,0,0,0,0,0,0,0,0,40,39.99998856,40.14999008,40.66296005,41.32987976,0,0,0,0,0,0,0,35.15462875,0,32.31832886,31.28854942,31.4914608,0,0,0
Pupil-teacher ratio in primary education (headcount basis),Student Teacher Ratio,United States,USA,SE.PRM.ENRL.TC.ZS,0,0,0,0,0,0,0,0,0,0,0,0,0,0,14.02120018,14.05163002,14.18525982,0,0,0,0,0,0,16.09671021,16.08708954,16.17297935,16.03388023,0,15.67605972,15.41491985,15.00811005,15.44419003,14.82711983,14.81355953,14.21109009,14.12971973,13.80786991,13.79555988,13.68908024,13.87215042,13.59084034,14.28522015,14.42216015,14.45366955,14.53748989,0,0,0,0
Pupil-teacher ratio in primary education (headcount basis),Student Teacher Ratio,China,CHN,SE.PRM.ENRL.TC.ZS,28.86952019,29.14728928,27.37778091,28.53388023,29.00278091,29.29085922,29.01037979,28.37114906,27.97090912,27.98316002,27.24542046,26.59745026,25.68556023,25.38248062,25.03049088,25.24790955,24.86643028,24.35070992,23.62223053,22.78693962,22.31880951,21.93083954,21.98751068,22.07777023,22.37416077,22.8513298,23.29627991,23.73693085,24.15677071,0,0,22.2057209,0,21.05303001,0,0,18.2519207,17.68202972,17.55451965,17.21562958,16.84375954,16.78841019,16.84872055,16.85342979,16.23078918,16.29441071,0,0,0
Pupil-teacher ratio in secondary education (headcount basis),Student Teacher Ratio,India,IND,SE.SEC.ENRL.TC.ZS,0,21.92317963,21.48303986,21.23763084,0,21.61647987,0,0,0,0,0,0,0,0,0,0,0,0,0,0,0,0,0,0,0,0,0,0,0,33.62363052,33.62314987,33.44458008,32.32463837,32.32492828,32.69998932,0,0,0,0,25.13929939,25.32821083,25.92120934,0,30.78326988,31.77246094,31.65018082,0,0,0
Pupil-teacher ratio in secondary education (headcount basis),Student Teacher Ratio,China,CHN,SE.SEC.ENRL.TC.ZS,20.59746933,21.83942986,23.00333023,21.2371006,19.93684006,20.09416962,20.9592495,21.02231026,20.91990089,20.22542953,18.88137054,17.9021492,16.66646957,16.38345909,16.41877937,17.0783596,16.99970055,16.89916992,16.35938072,15.31392002,14.6069603,14.42533016,14.52493954,14.5892601,14.48036003,15.07365036,15.56383991,16.18688965,0,0,17.10845947,18.92289925,18.9290905,18.61115074,0,0,17.54953957,16.36853027,15.99176025,15.71504974,15.46166039,15.15324974,14.50325966,15.14167023,14.27962971,13.81544018,0,0,0
Pupil-teacher ratio in secondary education (headcount basis),Student Teacher Ratio,United States,USA,SE.SEC.ENRL.TC.ZS,0,0,21.09770966,0,0,0,0,0,0,0,0,0,0,0,0,0,0,0,0,0,0,0,0,15.53341007,15.69764996,15.42570019,15.40349007,0,15.18828011,14.92401028,14.60579967,15.16271019,14.88344955,14.9155302,14.97542,14.94408035,14.61822033,14.56390953,14.37658978,13.96016979,13.75942993,14.49055958,14.66372013,14.69573975,14.78682995,0,0,0,0
Pupil-teacher ratio in tertiary education (headcount basis),Student Teacher Ratio,United States,USA,UIS.PTRHC.56,0,14.80508041,15.01451015,15.41921997,15.48729992,16.15122986,16.69382095,16.02931023,0,0,0,0,0,0,17.75592995,17.48848915,17.64705086,17.83667946,16.09836006,0,16.4296093,16.44210052,17.3861599,17.38471985,15.62617016,15.76288986,15.58117962,0,0,13.88306046,12.84539032,13.20184994,14.30850983,14.2308197,14.38545036,14.29553032,13.55171013,13.55169964,13.30630016,13.59372997,14.19435024,14.18686008,13.77915001,12.75794983,12.46113968,0,0,0,0
Pupil-teacher ratio in tertiary education (headcount basis),Student Teacher Ratio,India,IND,UIS.PTRHC.56,0,0,0,12.96238995,0,0,12.90746975,12.38057041,12.93155956,13.86907959,11.81682968,0,0,0,14.08528042,14.58098984,14.76290989,15.02733994,0,0,0,0,0,0,0,0,0,0,0,0,23.56871986,23.80398941,24.67456055,26.38546944,22.00003052,0,0,0,0,0,0,0,0,21.53121948,24.47278976,24.28976059,0,0,0
Pupil-teacher ratio in tertiary education (headcount basis),Student Teacher Ratio,China,CHN,UIS.PTRHC.56,0.79124999,0,0,1.488139987,2.257560015,2.897429943,3.217210054,3.373270035,3.353110075,4.151780128,4.406290054,5.901360035,0,0,0,7.339159966,8.574959755,8.157529831,0,0,0,0,0,0,8.629260063,0,0,11.41201973,11.76455021,12.63358974,14.07174969,15.96658039,17.86136055,20.45388985,22.47211075,14.67140961,17.53157997,17.14973068,16.73773003,19.61024094,19.94104958,19.48790932,0,0,0,0,0,0,0
"Rate of out-of-school children of primary school age, both sexes (%)",Unschooled,United States,USA,UIS.ROFST.1,0,0,0,0,0,18.71993065,0,0,0,0,0,0,0,0,0,0,6.732349873,5.049129963,0,0,1.951279998,1.997910023,0,3.955559969,4.337590218,2.959130049,3.537120104,0,0,2.486109972,2.383130074,2.6884799,3.996740103,4.46476984,5.56374979,4.725669861,3.747100115,2.827719927,2.51425004,3.968699932,5.204179764,6.05535984,5.890629768,6.174160004,5.965469837,5.543950081,0,0,0
"Rate of out-of-school children of primary school age, both sexes (%)",Unschooled,China,CHN,UIS.ROFST.1,0,0,0,0,0,0,0,0,0,0,0,0,0,0,0,0,0,5.512509823,3.727230072,3.506580114,3.152070045,2.868619919,2.808190107,4.091549873,5.810400009,7.697820187,9.087050438,22.38743019,0,0,0,0,0,0,0,0,0,0,0,0,0,0,0,0,0,0,0,0,0
"Rate of out-of-school children of primary school age, both sexes (%)",Unschooled,India,IND,UIS.ROFST.1,0,38.68470001,0,0,0,0,0,0,0,0,0,0,0,0,0,0,0,0,0,0,22.54796982,0,0,0,0,0,0,0,0,0,15.86345959,15.93690968,16.1300106,11.29693985,0,0,0,3.033440113,3.012959957,4.356389999,3.807189941,4.237010002,3.015490055,2.261130095,0,0,0,0,0
"School life expectancy, primary, both sexes (years)",School Life Expectancy,China,CHN,UIS.SLE.1,5.456890106,5.415040016,5.496319771,5.864789963,6.047949791,6.164319992,6.1635499,5.904640198,5.605070114,5.536039829,5.561910152,5.638370037,5.620470047,5.624909878,5.669159889,5.931960106,6.17828989,6.227069855,6.32833004,6.376420021,6.384419918,6.286139965,6.193200111,6.048759937,5.902729988,5.772049904,5.59965992,5.455490112,5.310210228,0,0,5.4509902,5.516459942,5.67414999,0,0,6.245679855,6.454599857,6.616740227,6.67031002,6.63424015,6.59637022,6.592899799,6.52933979,6.243450165,0,0,0,0
"School life expectancy, primary, both sexes (years)",School Life Expectancy,United States,USA,UIS.SLE.1,0,5.309549809,5.280930042,5.4167099,5.364230156,5.298910141,5.406360149,5.421219826,5.44946003,5.427050114,5.930900097,5.921850204,6.040919781,5.957759857,5.887869835,5.90102005,5.981850147,6.046319962,0,0,6.314869881,6.274260044,0,6.18915987,6.155330181,6.237949848,6.236499786,0,6.236320019,6.214930058,6.151380062,6.178589821,6.032619953,6.028950214,5.989109993,6.026030064,6.076499939,6.148139954,6.187019825,6.127019882,6.027979851,5.989329815,5.972809792,5.965559959,5.972980022,0,0,0,0
"School life expectancy, primary, both sexes (years)",School Life Expectancy,India,IND,UIS.SLE.1,0,3.943490028,3.978600025,4.132830143,4.100609779,4.142010212,4.132579803,4.261529922,4.070799828,4.059510231,4.128359795,4.207890034,4.241320133,4.338469982,4.419219971,4.410999775,4.519420147,4.411670208,4.477680206,4.626540184,4.572050095,4.577109814,4.591450214,4.676340103,4.732470036,4.718430042,4.711659908,4.69287014,4.611090183,4.637750149,4.72232008,4.712890148,4.742189884,5.134530067,0,0,0,5.506189823,5.53881979,5.475080013,5.455480099,5.417329788,5.487609863,5.530240059,0,0,0,0,0
"School life expectancy, secondary, both sexes (years)",School Life Expectancy,India,IND,UIS.SLE.23,0,1.692669988,1.714679956,1.747650027,0,1.796470046,1.807240009,1.847110033,1.873289943,0,2.02624011,2.127729893,2.233750105,2.373670101,2.470839977,0,2.618639946,2.592129946,2.598419905,2.610470057,0,0,0,3.185960054,3.208580017,3.187999964,3.183379889,3.22213006,0,2.985409975,3.118750095,3.142770052,3.279190063,3.459500074,3.584320068,3.768039942,3.832700014,3.999039888,4.212279797,4.159770012,4.403180122,4.622439861,4.815489769,4.809889793,0,0,0,0,0
"School life expectancy, secondary, both sexes (years)",School Life Expectancy,United States,USA,UIS.SLE.23,0,5.030590057,5.090939999,0,5.109759808,5.111229897,5.121759892,5.124340057,5.105889797,4.714449883,5.45058012,5.372029781,5.565239906,5.575449944,5.694900036,5.637660027,5.67784977,5.683400154,0,0,5.442739964,5.438640118,0,5.717740059,5.7915802,5.70634985,5.6916399,0,5.689740181,5.65087986,5.600039959,5.64467001,5.605289936,5.702939987,5.731170177,5.7417202,5.725200176,5.763810158,5.755010128,5.718379974,5.65034008,5.670470238,5.681570053,5.736569881,5.834499836,0,0,0,0
"School life expectancy, secondary, both sexes (years)",School Life Expectancy,China,CHN,UIS.SLE.23,1.128960013,1.519530058,1.831480026,2.079659939,1.94374001,1.972900033,2.296099901,2.91369009,3.293519974,3.0417099,2.633810043,2.373519897,2.016829967,1.842509985,1.808050036,1.886780024,1.985689998,2.113889933,2.207819939,2.22300005,2.238899946,2.378249884,2.568069935,2.744290113,2.844110012,3.072220087,3.342479944,3.503499985,0,3.69314003,3.87883997,3.681849957,3.703530073,3.754120111,0,0,4.149099827,4.330480099,4.508220196,4.698390007,4.927499771,5.150859833,5.317409992,5.585229874,5.517199993,0,0,0,0
"School life expectancy, tertiary, both sexes (years)",School Life Expectancy,China,CHN,UIS.SLE.56,0.00656,0,0,0.01062,0.0174,0.024420001,0.02895,0.032650001,0.036200002,0.04944,0.057750002,0.090910003,0,0,0.102629997,0.123769999,0.150839999,0.157859996,0.156240001,0.151620001,0.150619999,0.14655,0.142189994,0.14655,0.183329999,0.223049998,0.249829993,0.272549987,0.298790008,0.325500011,0.386020005,0.497570008,0.639549971,0.781790018,0.895550013,0.96679002,1.044980049,1.068510056,1.073709965,1.125800014,1.197399974,1.243639946,1.359220028,1.494590044,1.951949954,0,0,0,0
"School life expectancy, tertiary, both sexes (years)",School Life Expectancy,India,IND,UIS.SLE.56,0,0.247549996,0,0.251239985,0,0,0.250479996,0.243450001,0.250959992,0.249489993,0.249599993,0.26376,0.248239994,0.27899,0.294039994,0.292479992,0.300269991,0.317339987,0.277229995,0.287970006,0.297809988,0.301939994,0,0,0,0.277520001,0.314350009,0.328350008,0,0,0.477369994,0.486790001,0.511070013,0.533689976,0.549210012,0.536509991,0.577030003,0.659439981,0.755859971,0.805149972,0.89556998,1.143069983,1.218269944,1.194509983,0,0,0,0,0
"School life expectancy, tertiary, both sexes (years)",School Life Expectancy,United States,USA,UIS.SLE.56,0,2.36616993,2.408269882,2.431190014,2.449009895,2.550299883,2.733449936,2.641940117,2.664479971,2.625159979,2.672329903,2.776079893,2.83833003,2.866100073,2.906640053,2.899470091,2.957930088,3.090240002,3.223659992,3.358390093,3.537499905,3.627360106,3.854300022,3.934240103,3.915450096,3.915499926,3.889090061,0,3.531579971,3.465759993,3.317859888,3.391860008,3.932840109,4.038300037,4.086929798,4.138269901,4.151150227,4.201990128,4.302480221,4.486609936,4.779729843,4.896359921,4.843359947,4.568260193,4.468249798,0,0,0,0
Theoretical duration of lower secondary education (years),Duration,India,IND,SE.SEC.DURS.LO,3,3,3,3,3,3,3,3,3,3,3,3,3,3,3,3,3,3,3,3,3,3,3,3,3,3,3,3,3,3,3,3,3,3,3,3,3,3,3,3,3,3,3,3,3,3,0,0,0
Theoretical duration of lower secondary education (years),Duration,China,CHN,SE.SEC.DURS.LO,2,2,2,2,2,2,2,3,3,3,3,3,3,3,3,3,3,3,3,3,3,3,3,3,3,3,3,3,3,3,3,3,3,3,3,3,3,3,3,3,3,3,3,3,3,3,3,0,0
Theoretical duration of lower secondary education (years),Duration,United States,USA,SE.SEC.DURS.LO,3,3,3,3,3,3,3,3,3,3,3,3,3,3,3,3,3,3,3,3,3,3,3,3,3,3,3,3,3,3,3,3,3,3,3,3,3,3,3,3,3,3,3,3,3,3,3,0,0
Theoretical duration of post-secondary non-tertiary education (years),Duration,China,CHN,UIS.THDUR.4.A.GPV,0,0,0,0,0,0,0,0,0,0,0,0,0,0,0,0,0,0,0,0,0,0,0,0,0,0,0,0,0,1,1,1,1,1,1,1,1,1,1,1,1,1,1,1,1,1,1,0,0
Theoretical duration of post-secondary non-tertiary education (years),Duration,United States,USA,UIS.THDUR.4.A.GPV,0,0,0,0,0,0,0,0,0,0,0,0,0,0,0,0,0,0,0,0,0,0,0,0,0,0,0,0,0,1,1,1,1,1,1,1,1,1,1,1,1,1,1,1,1,1,1,0,0
Theoretical duration of post-secondary non-tertiary education (years),Duration,India,IND,UIS.THDUR.4.A.GPV,0,0,0,0,0,0,0,0,0,0,0,0,0,0,0,0,0,0,0,0,0,0,0,0,0,0,0,0,0,3,3,3,3,3,3,3,3,3,2,2,2,3,0,2,2,0,0,0,0
Theoretical duration of pre-primary education (years),Duration,China,CHN,UIS.THDUR.0,4,4,4,4,4,4,4,4,4,4,4,4,4,4,4,4,4,4,4,4,4,4,4,4,4,4,4,3,3,3,3,3,3,3,3,3,3,3,3,3,3,3,3,3,3,3,3,0,0
Theoretical duration of pre-primary education (years),Duration,India,IND,UIS.THDUR.0,2,2,2,2,2,2,2,2,2,2,2,2,2,2,2,2,2,2,2,2,2,2,2,2,2,2,2,2,3,3,3,3,3,3,3,3,3,3,3,3,3,3,3,3,3,3,0,0,0
Theoretical duration of pre-primary education (years),Duration,United States,USA,UIS.THDUR.0,3,3,3,3,3,3,3,3,3,3,3,3,3,3,3,3,3,3,3,3,3,3,3,3,3,3,3,3,3,3,3,3,3,3,3,3,3,3,3,3,3,3,3,3,3,3,3,0,0
Theoretical duration of primary education (years),Duration,China,CHN,SE.PRM.DURS,5,5,5,5,5,5,5,5,5,5,5,5,5,5,5,5,5,5,5,5,5,5,5,5,5,5,5,6,5,5,5,5,5,5,6,6,6,6,6,6,6,6,6,6,6,6,6,0,0
Theoretical duration of primary education (years),Duration,United States,USA,SE.PRM.DURS,6,6,6,6,6,6,6,6,6,6,6,6,6,6,6,6,6,6,6,6,6,6,6,6,6,6,6,6,6,6,6,6,6,6,6,6,6,6,6,6,6,6,6,6,6,6,6,0,0
Theoretical duration of primary education (years),Duration,India,IND,SE.PRM.DURS,5,5,5,5,5,5,5,5,5,5,5,5,5,5,5,5,5,5,5,5,5,5,5,5,5,5,5,5,5,5,5,5,5,5,5,5,5,5,5,5,5,5,5,5,5,5,0,0,0
Theoretical duration of secondary education (years),Duration,China,CHN,SE.SEC.DURS,4,4,4,4,4,4,4,5,6,6,6,6,6,6,6,6,6,6,6,6,6,6,6,6,6,6,6,6,6,6,6,6,6,6,6,6,6,6,6,6,6,6,6,6,6,6,6,0,0
Theoretical duration of secondary education (years),Duration,United States,USA,SE.SEC.DURS,6,6,6,6,6,6,6,6,6,6,6,6,6,6,6,6,6,6,6,6,6,6,6,6,6,6,6,6,6,6,6,6,6,6,6,6,6,6,6,6,6,6,6,6,6,6,6,0,0
Theoretical duration of secondary education (years),Duration,India,IND,SE.SEC.DURS,7,7,7,7,7,7,7,7,7,7,7,7,7,7,7,7,7,7,7,7,7,7,7,7,7,7,7,7,7,7,7,7,7,7,7,7,7,7,7,7,7,7,7,7,7,7,0,0,0
Theoretical duration of upper secondary education (years),Duration,China,CHN,SE.SEC.DURS.UP,2,2,2,2,2,2,2,2,3,3,3,3,3,3,3,3,3,3,3,3,3,3,3,3,3,3,3,3,3,3,3,3,3,3,3,3,3,3,3,3,3,3,3,3,3,3,3,0,0
Theoretical duration of upper secondary education (years),Duration,India,IND,SE.SEC.DURS.UP,4,4,4,4,4,4,4,4,4,4,4,4,4,4,4,4,4,4,4,4,4,4,4,4,4,4,4,4,4,4,4,4,4,4,4,4,4,4,4,4,4,4,4,4,4,4,0,0,0
Theoretical duration of upper secondary education (years),Duration,United States,USA,SE.SEC.DURS.UP,3,3,3,3,3,3,3,3,3,3,3,3,3,3,3,3,3,3,3,3,3,3,3,3,3,3,3,3,3,3,3,3,3,3,3,3,3,3,3,3,3,3,3,3,3,3,3,0,0
"Total inbound internationally mobile students, both sexes (number)",Mobility,United States,USA,UIS.MS.56.T,0,0,0,0,0,0,0,0,0,0,0,0,0,0,0,0,0,0,0,0,0,0,0,0,0,0,0,0,0,451935,475169,475168,582996,586316,572509,590158,584719,595874,624474,660581,684807,709565,740482,784427,842384,0,0,0,0
"Total inbound internationally mobile students, both sexes (number)",Mobility,China,CHN,UIS.MS.56.T,0,0,0,0,0,0,0,0,0,0,0,0,0,0,0,0,0,0,0,0,0,0,0,0,0,0,0,0,0,0,0,0,0,0,0,0,36386,42138,51038,61211,71673,79638,88979,96409,108217,0,0,0,0
"Total inbound internationally mobile students, both sexes (number)",Mobility,India,IND,UIS.MS.56.T,0,0,0,0,0,0,0,0,0,0,0,0,0,0,0,0,0,0,0,0,0,0,0,0,0,0,0,0,0,0,6988,7791,8145,7738,7589,11309,12374,0,0,0,0,27531,28335,34419,0,0,0,0,0
"Total net enrolment rate, primary, both sexes (%)",Net Enrolment Rate,India,IND,UIS.NERT.1,0,61.31529999,0,0,0,0,0,0,0,0,0,0,0,0,0,0,0,0,0,0,77.45202637,0,0,0,0,0,0,0,0,0,84.13654327,84.06308746,83.86998749,88.70305634,0,0,0,96.96656036,96.98703766,95.64360809,96.19281006,95.76299286,96.98451233,97.73886871,0,0,0,0,0
"Total net enrolment rate, primary, both sexes (%)",Net Enrolment Rate,China,CHN,UIS.NERT.1,0,0,0,0,0,0,0,0,0,0,0,0,0,0,0,0,0,94.48748779,96.27277374,96.49342346,96.84793091,97.13137817,97.19181061,95.90844727,94.18959808,92.30217743,90.91294861,90.18811798,0,0,0,0,0,0,0,0,0,0,0,0,0,0,0,0,0,0,0,0,0
"Total net enrolment rate, primary, both sexes (%)",Net Enrolment Rate,United States,USA,UIS.NERT.1,0,0,0,0,0,81.28006744,0,0,0,0,0,0,0,0,0,0,93.26764679,94.9508667,0,0,98.04872131,98.00209045,0,96.04444122,95.66240692,97.04087067,96.462883,0,0,99.60343933,99.45171356,99.46381378,98.0606308,97.22119141,96.85820007,97.78220367,98.71858978,99.65252686,99.76254272,98.45876312,97.56397247,96.48921204,97.29683685,96.4274826,97.83541107,0,0,0,0
"Total net enrolment rate, primary, gender parity index (GPI)",Net Enrolment Rate,India,IND,UIS.NERT.1.GPI,0,0.654690027,0,0,0,0,0,0,0,0,0,0,0,0,0,0,0,0,0,0,0.737089992,0,0,0,0,0,0,0,0,0,0.841920018,0.857739985,0.869570017,0.970420003,0,0,0,0.985140026,1.012799978,1.024790049,1.01970005,1.028349996,1.014050007,1.013960004,0,0,0,0,0
"Total net enrolment rate, primary, gender parity index (GPI)",Net Enrolment Rate,China,CHN,UIS.NERT.1.GPI,0,0,0,0,0,0,0,0,0,0,0,0,0,0,0,0,0,0.919950008,0,0.92772001,0.935039997,0.940890014,0.945569992,0.95006001,0.956399977,0.967440009,0.977630019,0.987789989,0,0,0,0,0,0,0,0,0,0,0,0,0,0,0,0,0,0,0,0,0
"Total net enrolment rate, primary, gender parity index (GPI)",Net Enrolment Rate,United States,USA,UIS.NERT.1.GPI,0,0,0,0,0,0,0,0,0,0,0,0,0,0,0,0,1.022840023,1.023110032,0,0,1.011919975,1.004600048,0,0.999800026,1.007660031,1.002959967,1.006539941,0,0,1.001710057,0.999650002,1.010570049,1.003069997,1.006559968,1.009019971,1.009349942,1.014999986,1.006829977,1.001180053,1.01504004,1.002810001,1.011940002,0.992820024,0.990660012,1.003720045,0,0,0,0
"Unemployment, female (% of female labor force)",Unemployment,United States,USA,SL.UEM.TOTL.FE.ZS,0,0,0,0,0,0,0,0,0,0,0,0,0,0,0,0,0,0,0,0,0,6.400000095,7,6.599999905,6,5.599999905,5.400000095,5,4.599999905,4.300000191,4.099999905,4.599999905,5.599999905,5.699999809,5.400000095,5.099999905,4.599999905,4.5,5.400000095,8.100000381,8.600000381,8.399999619,7.900000095,7.099999905,6.099999905,5.199999809,4.800000191,0,0
"Unemployment, female (% of female labor force)",Unemployment,India,IND,SL.UEM.TOTL.FE.ZS,0,0,0,0,0,0,0,0,0,0,0,0,0,0,0,0,0,0,0,0,0,4.199999809,4.199999809,4.300000191,3.900000095,4.099999905,4.099999905,4.300000191,3.900000095,4.199999809,4.199999809,4,4.300000191,4,3.900000095,5,4.900000095,3.799999952,4.199999809,3.900000095,4.400000095,4.599999905,4.599999905,4.5,4.400000095,4.199999809,4.099999905,0,0
"Unemployment, female (% of female labor force)",Unemployment,China,CHN,SL.UEM.TOTL.FE.ZS,0,0,0,0,0,0,0,0,0,0,0,0,0,0,0,0,0,0,0,0,0,4.300000191,3.799999952,3.799999952,3.799999952,4,4,4,4.099999905,4,3.900000095,3.900000095,3.799999952,3.700000048,3.700000048,3.5,3.5,3.299999952,3.799999952,3.700000048,3.599999905,3.700000048,3.900000095,3.900000095,4,3.900000095,3.799999952,0,0
"Unemployment, male (% of male labor force)",Unemployment,United States,USA,SL.UEM.TOTL.MA.ZS,0,0,0,0,0,0,0,0,0,0,0,0,0,0,0,0,0,0,0,0,0,7.099999905,7.900000095,7.199999809,6.199999809,5.599999905,5.400000095,4.800000191,4.400000095,4.099999905,3.900000095,4.800000191,5.900000095,6.300000191,5.599999905,5.099999905,4.599999905,4.699999809,6.099999905,10.39999962,10.5,9.300000191,8.300000191,7.699999809,6.300000191,5.400000095,5,0,0
"Unemployment, male (% of male labor force)",Unemployment,India,IND,SL.UEM.TOTL.MA.ZS,0,0,0,0,0,0,0,0,0,0,0,0,0,0,0,0,0,0,0,0,0,4,4,4.199999809,3.599999905,3.900000095,3.900000095,4.400000095,3.700000048,4.199999809,4.300000191,4,4.300000191,3.900000095,3.900000095,4.099999905,4.099999905,3.700000048,4.099999905,3.900000095,3.299999952,3.400000095,3.5,3.400000095,3.299999952,3.299999952,3.299999952,0,0
"Unemployment, male (% of male labor force)",Unemployment,China,CHN,SL.UEM.TOTL.MA.ZS,0,0,0,0,0,0,0,0,0,0,0,0,0,0,0,0,0,0,0,0,0,5.400000095,4.800000191,4.800000191,4.800000191,5,5.099999905,5.099999905,5.300000191,5.199999809,5,5.099999905,4.900000095,4.800000191,4.800000191,4.599999905,4.400000095,4.199999809,4.800000191,4.699999809,4.599999905,4.800000191,5,5,5.099999905,5.099999905,5.099999905,0,0
"Unemployment, total (% of total labor force)",Unemployment,United States,USA,SL.UEM.TOTL.ZS,0,0,0,0,0,0,0,0,0,0,0,0,0,0,0,0,0,0,0,0,0,6.800000191,7.5,6.900000095,6.099999905,5.599999905,5.400000095,4.900000095,4.5,4.199999809,4,4.699999809,5.800000191,6,5.5,5.099999905,4.599999905,4.599999905,5.800000191,9.300000191,9.600000381,8.899999619,8.100000381,7.400000095,6.199999809,5.300000191,4.900000095,0,0
"Unemployment, total (% of total labor force)",Unemployment,India,IND,SL.UEM.TOTL.ZS,0,0,0,0,0,0,0,0,0,0,0,0,0,0,0,0,0,0,0,0,0,4.099999905,4.099999905,4.300000191,3.700000048,4,4,4.400000095,3.799999952,4.199999809,4.300000191,4,4.300000191,3.900000095,3.900000095,4.400000095,4.300000191,3.700000048,4.099999905,3.900000095,3.599999905,3.700000048,3.700000048,3.599999905,3.5,3.5,3.5,0,0
"Unemployment, total (% of total labor force)",Unemployment,China,CHN,SL.UEM.TOTL.ZS,0,0,0,0,0,0,0,0,0,0,0,0,0,0,0,0,0,0,0,0,0,4.900000095,4.400000095,4.300000191,4.300000191,4.599999905,4.599999905,4.599999905,4.699999809,4.699999809,4.5,4.5,4.400000095,4.300000191,4.300000191,4.099999905,4,3.799999952,4.400000095,4.300000191,4.199999809,4.300000191,4.5,4.5,4.599999905,4.5,4.599999905,0,0
