Year,Country,"Adjusted net enrolment rate, primary, gender parity index (GPI)",All staff compensation as % of total expenditure in pre-primary public institutions (%),All staff compensation as % of total expenditure in primary public institutions (%),All staff compensation as % of total expenditure in public institutions (%),All staff compensation as % of total expenditure in secondary public institutions (%),All staff compensation as % of total expenditure in tertiary public institutions (%),"Barro-Lee: Average years of primary schooling, age 15+, total","Barro-Lee: Average years of secondary schooling, age 15+, total","Barro-Lee: Average years of tertiary schooling, age 15+, total","Barro-Lee: Average years of total schooling, age 15+, total",Barro-Lee: Percentage of population age 15+ with no education,Barro-Lee: Percentage of population age 15+ with primary schooling. Completed Primary,Barro-Lee: Percentage of population age 15+ with secondary schooling. Completed Secondary,Barro-Lee: Percentage of population age 15+ with tertiary schooling. Completed Tertiary,Capital expenditure as % of total expenditure in pre-primary public institutions (%),Capital expenditure as % of total expenditure in primary public institutions (%),Capital expenditure as % of total expenditure in public institutions (%),Capital expenditure as % of total expenditure in secondary public institutions (%),Capital expenditure as % of total expenditure in tertiary public institutions (%),Duration of compulsory education (years),Expenditure on education as % of total government expenditure (%),GDP at market prices (current US$),GDP per capita (current US$),GNI (current US$),Government expenditure in educational institutions as % of GDP (%),Government expenditure on education as % of GDP (%),"Graduates from tertiary education, both sexes (number)","Graduates from tertiary education, female (number)","Gross enrolment ratio, primary, both sexes (%)","Gross enrolment ratio, secondary, both sexes (%)","Gross enrolment ratio, tertiary, both sexes (%)","Inbound mobility rate, both sexes (%)",Internet users (per 100 people),"Labor force, female (% of total labor force)","Labor force, total","Mortality rate, under-5 (per 1,000)","Net enrolment rate, primary, gender parity index (GPI)","Net flow ratio of internationally mobile students (inbound - outbound), both sexes (%)",Official entrance age to compulsory education (years),"Out-of-school children of primary school age, both sexes (number)","Outbound mobility ratio, all regions, both sexes (%)","Over-age enrolment ratio in primary education, both sexes (%)","Percentage of all students in tertiary education enrolled in ISCED 6, both sexes (%)","Percentage of all students in tertiary education enrolled in ISCED 7, both sexes (%)","Percentage of all students in tertiary education enrolled in ISCED 8, both sexes (%)",Percentage of enrolment in early childhood education programmes in private institutions (%),Personal computers (per 100 people),Population growth (annual %),"Population of compulsory school age, both sexes (number)","Population, total",Pupil-teacher ratio in pre-primary education (headcount basis),Pupil-teacher ratio in primary education (headcount basis),Pupil-teacher ratio in secondary education (headcount basis),Pupil-teacher ratio in tertiary education (headcount basis),"Rate of out-of-school children of primary school age, both sexes (%)","School life expectancy, primary, both sexes (years)","School life expectancy, secondary, both sexes (years)","School life expectancy, tertiary, both sexes (years)",Theoretical duration of lower secondary education (years),Theoretical duration of post-secondary non-tertiary education (years),Theoretical duration of pre-primary education (years),Theoretical duration of primary education (years),Theoretical duration of secondary education (years),Theoretical duration of upper secondary education (years),"Total inbound internationally mobile students, both sexes (number)","Total net enrolment rate, primary, both sexes (%)","Total net enrolment rate, primary, gender parity index (GPI)","Unemployment, female (% of female labor force)","Unemployment, male (% of male labor force)","Unemployment, total (% of total labor force)"
1970,China,0,0,0,0,0,0,2.99,0.56,0.03,3.58,39.53,17.36,5.07,0.45,0,0,0,0,0,0,0,92602973434,113.1629916,92602973434,0,0,0,0,109.1377869,28.22388077,0.131139994,0,0,0,0,113.5,0,0,0,0,0,0,0,0,0,0,0,2.761675566,0,818315000,0,28.86952019,20.59746933,0.79124999,0,5.456890106,1.128960013,0.00656,2,0,4,5,4,2,0,0,0,0,0,0
1970,India,0,0,0,0,0,0,1.33,0.24,0.03,1.61,66.24,12.74,0.29,0.62,0,0,0,0,0,0,0,61589800520,111.2575706,61211133853,0,0,0,0,0,0,0,0,0,0,0,213,0,0,0,0,0,0,0,0,0,0,0,2.205114997,0,553578513,0,0,0,0,0,0,0,0,3,0,2,5,7,4,0,0,0,0,0,0
1970,United States,0,0,0,0,0,0,5.72,4.41,0.65,10.78,1.43,8.58,42.84,11.39,0,0,0,0,0,0,0,1.08E+12,5246.883717,1.08E+12,0,0,0,0,0,0,0,0,0,0,0,23.3,0,0,0,0,0,0,0,0,0,0,0,1.165002667,0,205052000,0,0,0,0,0,0,0,0,3,0,3,6,6,3,0,0,0,0,0,0
1971,China,0,0,0,0,0,0,0,0,0,0,0,0,0,0,0,0,0,0,0,0,0,99800958648,118.6545778,99800958648,0,1.386989951,102672,0,108.3008118,37.98815155,0,0,0,0,0,107.8,0,0,0,0,0,0,0,0,0,0,0,2.74691555,0,841105000,0,29.14728928,21.83942986,0,0,5.415040016,1.519530058,0,2,0,4,5,4,2,0,0,0,0,0,0
1971,India,0.654690027,0,0,0,0,0,0,0,0,0,0,0,0,0,0,0,0,0,0,0,0,66452561868,117.3607381,66061516932,0,0,0,0,78.8656311,24.02639008,4.951029778,0,0,0,0,209.7,0.654690027,0,0,27981592,0,9.318189621,0,0,0,0,0,2.258760336,0,566224812,42.90584946,41.45214081,21.92317963,0,38.68470001,3.943490028,1.692669988,0.247549996,3,0,2,5,7,4,0,61.31529999,0.654690027,0,0,0
1971,United States,0,0,0,0,0,0,0,0,0,0,0,0,0,0,0,0,0,0,0,0,0,1.17E+12,5623.443978,1.17E+12,0,0,1331200,544423,88.49246979,83.84320068,47.32349014,0,0,0,0,22.4,0,0,0,0,0,0,0,0,0,0,0,1.264333692,0,207661000,0,0,0,14.80508041,0,5.309549809,5.030590057,2.36616993,3,0,3,6,6,3,0,0,0,0,0,0
1972,China,0,0,0,0,0,0,0,0,0,0,0,0,0,0,0,0,0,0,0,0,0,1.14E+11,131.8835612,1.14E+11,0,1.606269956,0,0,109.9264679,45.78701019,0,0,0,0,0,102.3,0,0,0,0,0,0,0,0,0,0,0,2.45735693,0,862030000,0,27.37778091,23.00333023,0,0,5.496319771,1.831480026,0,2,0,4,5,4,2,0,0,0,0,0,0
1972,India,0,0,0,0,0,0,0,0,0,0,0,0,0,0,0,0,0,0,0,0,0,70509913047,121.6922886,70119257729,0,0,0,0,79.57206726,24.49538994,0,0,0,0,0,206.1,0,0,0,0,0,0,0,0,0,0,0,2.3021762,0,579411513,46.50397873,41.62026978,21.48303986,0,0,3.978600025,1.714679956,0,3,0,2,5,7,4,0,0,0,0,0,0
1972,United States,0,0,0,0,0,0,0,0,0,0,0,0,0,0,0,0,0,0,0,0,0,1.28E+12,6109.925868,1.28E+12,0,0,0,0,88.01554108,84.84906006,48.16539001,0,0,0,0,21.5,0,0,0,0,0,0,0,0,0,0,0,1.070522752,0,209896000,0,0,21.09770966,15.01451015,0,5.280930042,5.090939999,2.408269882,3,0,3,6,6,3,0,0,0,0,0,0
1973,China,0,0,0,0,0,0,0,0,0,0,0,0,0,0,0,0,0,0,0,0,0,1.39E+11,157.0903743,1.39E+11,0,1.648550034,5945,0,117.2958679,51.99147034,0.212300003,0,0,0,0,96.7,0,0,0,0,0,0,0,0,0,0,0,2.283395364,0,881940000,0,28.53388023,21.2371006,1.488139987,0,5.864789963,2.079659939,0.01062,2,0,4,5,4,2,0,0,0,0,0,0
1973,India,0,0,0,0,0,0,0,0,0,0,0,0,0,0,0,0,0,0,0,0,0,84374541625,142.2700813,83961213379,0,0,0,0,82.65651703,24.96640015,5.024750233,0,0,0,0,202.2,0,0,0,0,0,0,0,0,0,0,0,2.328080768,0,593058926,47.99958038,42.53532028,21.23763084,12.96238995,0,4.132830143,1.747650027,0.251239985,3,0,2,5,7,4,0,0,0,0,0,0
1973,United States,0,0,0,0,0,0,0,0,0,0,0,0,0,0,0,0,0,0,0,0,0,1.43E+12,6741.332364,1.44E+12,0,0,1507799,622529,90.27851105,0,48.62374878,0,0,0,0,20.6,0,0,0,0,0,0,0,0,0,0,0,0.954476729,0,211909000,0,0,0,15.41921997,0,5.4167099,0,2.431190014,3,0,3,6,6,3,0,0,0,0,0,0
1974,China,0,0,0,0,0,0,0,0,0,0,0,0,0,0,0,0,0,0,0,0,0,1.44E+11,160.1400937,1.44E+11,0,1.759719968,16961,0,120.9589462,48.59341049,0.347900003,0,0,0,0,91.1,0,0,0,0,0,0,0,0,0,0,0,2.065955013,0,900350000,28.65497017,29.00278091,19.93684006,2.257560015,0,6.047949791,1.94374001,0.0174,2,0,4,5,4,2,0,0,0,0,0,0
1974,India,0,0,0,0,0,0,0,0,0,0,0,0,0,0,0,0,0,0,0,0,0,98198276857,161.7630106,97833414025,0,0,0,0,82.01222229,0,0,0,0,0,0,198.1,0,0,0,0,0,0,0,0,0,0,0,2.331781668,0,607050255,0,42.52024841,0,0,0,4.100609779,0,0,3,0,2,5,7,4,0,0,0,0,0,0
1974,United States,0,0,0,0,0,0,0,0,0,0,0,0,0,0,0,0,0,0,0,0,0,1.55E+12,7242.441105,1.56E+12,0,0,0,0,89.40389252,85.16272736,48.98020172,0,0,0,0,19.7,0,0,0,0,0,0,0,0,0,0,0,0.913660196,0,213854000,0,0,0,15.48729992,0,5.364230156,5.109759808,2.449009895,3,0,3,6,6,3,0,0,0,0,0,0
1975,China,0,0,0,0,0,0,3.4,0.68,0.03,4.1,32.96,19.64,6.29,0.46,0,0,0,0,0,0,0,1.63E+11,178.3418196,1.63E+11,0,1.708220005,30057,0,123.2864532,49.3224411,0.488460004,0,0,0,0,85.5,0,0,0,0,0,0,0,0,0,0,0,1.766391782,0,916395000,25.09989929,29.29085922,20.09416962,2.897429943,0,6.164319992,1.972900033,0.024420001,2,0,4,5,4,2,0,0,0,0,0,0
1975,India,0,0,0,0,0,0,1.48,0.48,0.06,2.01,65.86,11.27,0.37,0.95,0,0,0,0,0,0,0,97159222028,156.3800951,96864540169,0,0,0,0,82.84013367,25.66390038,0,0,0,0,0,193.6,0,0,0,0,0,0,0,0,0,0,0,2.32052454,0,621301720,53.88055038,41.93172836,21.61647987,0,0,4.142010212,1.796470046,0,3,0,2,5,7,4,0,0,0,0,0,0
1975,United States,0,0,0,0,0,0,5.81,4.85,0.8,11.46,1.24,5.34,45.16,13.3,0,0,0,0,0,0,0,1.69E+12,7820.065471,1.69E+12,0,0,1409383,644253,89.23706818,85.18713379,51.00593948,0,0,0,0,18.8,0,0,0,4324144,0,14.56330967,0,0,0,0,0,0.985986067,0,215973000,0,0,0,16.15122986,18.71993065,5.298910141,5.111229897,2.550299883,3,0,3,6,6,3,0,81.28006744,0,0,0,0
1976,China,0,0,0,0,0,0,0,0,0,0,0,0,0,0,0,0,0,0,0,0,0,1.54E+11,165.4055404,1.54E+11,0,1.815719962,43282,0,123.2709808,57.40259171,0.578970015,0,0,0,0,80.1,0,0,0,0,0,0,0,0,0,0,0,1.547337973,0,930685000,26.21563911,29.01037979,20.9592495,3.217210054,0,6.1635499,2.296099901,0.02895,2,0,4,5,4,2,0,0,0,0,0,0
1976,India,0,0,0,0,0,0,0,0,0,0,0,0,0,0,0,0,0,0,0,0,0,1.01E+11,159.4077984,1.01E+11,0,0,1033586,0,82.65158844,25.81777954,5.009679794,0,0,0,0,188.8,0,0,0,0,0,0,0,0,0,0,0,2.302276466,0,635771734,0,42.11304855,0,12.90746975,0,4.132579803,1.807240009,0.250479996,3,0,2,5,7,4,0,0,0,0,0,0
1976,United States,0,0,0,0,0,0,0,0,0,0,0,0,0,0,0,0,0,0,0,0,0,1.88E+12,8611.401839,1.87E+12,0,0,1750726,776362,90.10591888,85.36267853,54.66891861,0,0,0,0,17.9,0,0,0,0,0,0,0,0,0,0,0,0.950220049,0,218035000,0,0,0,16.69382095,0,5.406360149,5.121759892,2.733449936,3,0,3,6,6,3,0,0,0,0,0,0
1977,China,0,0,0,0,0,0,0,0,0,0,0,0,0,0,0,0,0,0,0,0,0,1.75E+11,185.4228329,1.75E+11,0,1.749539971,118955,0,118.0928268,58.2737999,0.652999997,0,0,0,0,74.9,0,0,0,0,0,0,0,0,0,0,0,1.362779476,0,943455000,27.13397026,28.37114906,21.02231026,3.373270035,0,5.904640198,2.91369009,0.032650001,3,0,4,5,5,2,0,0,0,0,0,0
1977,India,0,0,0,0,0,0,0,0,0,0,0,0,0,0,0,0,0,0,0,0,0,1.20E+11,184.2728749,1.20E+11,0,0,677725,0,85.23052979,26.38726997,4.868989944,0,0,0,0,183.6,0,0,0,0,0,0,0,0,0,0,0,2.287869451,0,650485030,0,0,0,12.38057041,0,4.261529922,1.847110033,0.243450001,3,0,2,5,7,4,0,0,0,0,0,0
1977,United States,0,0,0,0,0,0,0,0,0,0,0,0,0,0,0,0,0,0,0,0,0,2.09E+12,9471.306172,2.09E+12,0,0,1824093,814674,90.35359955,85.40564728,52.83871078,0,0,0,0,17.1,0,0,0,0,0,0,0,0,0,0,0,1.005771996,0,220239000,0,0,0,16.02931023,0,5.421219826,5.124340057,2.641940117,3,0,3,6,6,3,0,0,0,0,0,0
1978,China,0,0,0,0,0,0,0,0,0,0,0,0,0,0,0,0,0,0,0,0,0,1.50E+11,156.3963885,1.50E+11,0,1.958150029,149154,0,112.1015015,54.89197159,0.723950028,0,0,0,0,70.3,0,0,0,0,0,0,0,0,0,0,0,1.338182338,0,956165000,26.78614044,27.97090912,20.91990089,3.353110075,0,5.605070114,3.293519974,0.036200002,3,0,4,5,6,3,0,0,0,0,0,0
1978,India,0,0,0,0,0,0,0,0,0,0,0,0,0,0,0,0,0,0,0,0,0,1.35E+11,203.5587046,1.35E+11,0,0,749454,0,81.41600037,26.76132965,5.019159794,0,0,0,0,178.2,0,0,0,0,0,0,0,0,0,0,0,2.282378521,0,665502284,0,0,0,12.93155956,0,4.070799828,1.873289943,0.250959992,3,0,2,5,7,4,0,0,0,0,0,0
1978,United States,0,0,0,0,0,0,0,0,0,0,0,0,0,0,0,0,0,0,0,0,0,2.36E+12,10587.28576,2.36E+12,0,0,1837903,838725,90.82428741,85.09819794,53.28953934,0,0,0,0,16.3,0,0,0,0,0,0,0,0,0,0,0,1.05957308,0,222585000,0,0,0,0,0,5.44946003,5.105889797,2.664479971,3,0,3,6,6,3,0,0,0,0,0,0
1979,China,0,0,0,0,0,0,0,0,0,0,0,0,0,0,0,0,0,0,0,0,0,1.78E+11,183.9831522,1.78E+11,0,2.148289919,194426,0,110.7208481,50.69509125,0.988740027,0,0,0,0,66.3,0,0,0,0,0,0,0,0,0,0,0,1.333927954,0,969005000,28.43681908,27.98316002,20.22542953,4.151780128,0,5.536039829,3.0417099,0.04944,3,0,4,5,6,3,0,0,0,0,0,0
1979,India,0,0,0,0,0,0,0,0,0,0,0,0,0,0,0,0,0,0,0,0,0,1.51E+11,221.6879474,1.51E+11,0,0,759231,0,81.19017029,0,4.989820004,0,0,0,0,172.8,0,0,0,0,0,0,0,0,0,0,0,2.289659284,0,680915804,0,42.89831924,0,13.86907959,0,4.059510231,0,0.249489993,3,0,2,5,7,4,0,0,0,0,0,0
1979,United States,0,0,0,0,0,0,0,0,0,0,0,0,0,0,0,0,0,0,0,0,0,2.63E+12,11695.55442,2.62E+12,0,0,0,0,90.45075226,78.57421875,52.5031395,0,0,0,0,15.6,0,0,0,0,0,0,0,0,0,0,0,1.103576565,0,225055000,0,0,0,0,0,5.427050114,4.714449883,2.625159979,3,0,3,6,6,3,0,0,0,0,0,0
1980,China,0,0,0,0,0,0,3.93,0.9,0.03,4.86,24.75,21.29,9.35,0.48,0,0,0,0,0,0,0,1.91E+11,194.8047222,1.91E+11,0,1.910889983,164581,0,111.2381668,43.89680099,1.155030012,0,0,0,0,62.8,0,0,0,0,0,0,0,0,0,0,0,1.254221052,0,981235000,29.85500908,27.24542046,18.88137054,4.406290054,0,5.561910152,2.633810043,0.057750002,3,0,4,5,6,3,0,0,0,0,0,0
1980,India,0,0,0,0,0,0,1.55,0.72,0.07,2.34,66.3,7.44,0.5,1.22,0,0,0,0,0,0,0,1.84E+11,263.8407198,1.84E+11,0,0,1095682,0,82.5671463,28.94630051,4.992060184,0,0,0,0,167.5,0,0,0,0,0,0,0,0,0,0,0,2.30361073,0,696783517,0,0,0,11.81682968,0,4.128359795,2.02624011,0.249599993,3,0,2,5,7,4,0,0,0,0,0,0
1980,United States,0,0,0,0,0,0,5.9,5.19,0.93,12.03,0.84,3.17,49.03,16.74,0,0,0,0,0,0,0,2.86E+12,12597.66751,2.85E+12,0,0,0,0,98.84832001,90.8430481,53.44659042,0,0,0,0,15,0,0,0,0,0,0,0,0,0,0,0,0.959589923,0,227225000,0,0,0,0,0,5.930900097,5.45058012,2.672329903,3,0,3,6,6,3,0,0,0,0,0,0
1981,China,0,0,0,0,0,0,0,0,0,0,0,0,0,0,0,0,0,0,0,0,0,1.96E+11,197.0714745,1.96E+11,0,1.947170019,85085,0,112.7674103,39.55870819,1.818240047,0,0,0,0,59.9,0,0,0,0,0,0,0,0,0,0,0,1.280952344,0,993885000,28.01972008,26.59745026,17.9021492,5.901360035,0,5.638370037,2.373519897,0.090910003,3,0,4,5,6,3,0,0,0,0,0,0
1981,India,0,0,0,0,0,0,0,0,0,0,0,0,0,0,0,0,0,0,0,0,0,1.91E+11,267.7110103,1.91E+11,0,0,0,0,84.15773773,30.39611053,5.275249958,0,0,0,0,162.5,0,0,0,0,0,0,0,0,0,0,0,2.317217951,0,713118032,0,0,0,0,0,4.207890034,2.127729893,0.26376,3,0,2,5,7,4,0,0,0,0,0,0
1981,United States,0,0,0,0,0,0,0,0,0,0,0,0,0,0,0,0,0,0,0,0,0,3.21E+12,13993.16674,3.21E+12,0,0,1748212,858088,98.69754791,89.5338974,55.52165985,0,0,0,0,14.4,0,0,0,0,0,0,0,0,0,0,0.912057466,0.981415437,0,229466000,0,0,0,0,0,5.921850204,5.372029781,2.776079893,3,0,3,6,6,3,0,0,0,0,0,0
1982,China,0,0,0,0,0,0,0,0,0,0,0,0,0,0,0,0,0,0,0,0,0,2.05E+11,203.3349195,2.05E+11,0,2.035749912,147111,0,112.4093781,33.61378098,0,0,0,0,0,57.7,0,0,0,0,0,0,0,0,0,0,0,1.47267476,0,1008630000,26.33308029,25.68556023,16.66646957,0,0,5.620470047,2.016829967,0,3,0,4,5,6,3,0,0,0,0,0,0
1982,India,0,0,0,0,0,0,0,0,0,0,0,0,0,0,0,0,0,0,0,0,0,1.98E+11,271.3335961,1.97E+11,0,0,0,0,84.82649231,31.91077042,4.964710236,0,0,0,0,157.7,0,0,0,0,0,0,0,0,0,0,0,2.32167642,0,729868013,0,0,0,0,0,4.241320133,2.233750105,0.248239994,3,0,2,5,7,4,0,0,0,0,0,0
1982,United States,0,0,0,0,0,0,0,0,0,0,0,0,0,0,0,0,0,0,0,0,0,3.34E+12,14438.97628,3.37E+12,0,0,1752995,870601,100.6820297,92.75406647,56.7665596,0,0,0,0,13.9,0,0,0,0,0,0,0,0,0,0,2.355772524,0.953317566,0,231664000,0,0,0,0,0,6.040919781,5.565239906,2.83833003,3,0,3,6,6,3,0,0,0,0,0,0
1983,China,0,0,0,0,0,0,0,0,0,0,0,0,0,0,0,0,0,0,0,0,9.563249588,2.31E+11,225.4319289,2.32E+11,0,2.07723999,149133,0,112.4982376,30.70844078,0,0,0,0,0,56,0,0,0,0,0,0,0,0,0,0,0,1.444949695,0,1023310000,26.80853081,25.38248062,16.38345909,0,0,5.624909878,1.842509985,0,3,0,4,5,6,3,0,0,0,0,0,0
1983,India,0,0,0,0,0,0,0,0,0,0,0,0,0,0,0,0,0,0,0,0,0,2.15E+11,288.3071697,2.14E+11,0,0,0,0,86.76937866,33.90954971,5.579840183,0,0,0,0,153.4,0,0,0,0,0,0,0,0,0,0,0,2.313328572,0,746949067,0,0,0,0,0,4.338469982,2.373670101,0.27899,3,0,2,5,7,4,0,0,0,0,0,0
1983,United States,0,0,0,0,0,0,0,0,0,0,0,0,0,0,0,0,0,0,0,0,0,3.64E+12,15561.4264,3.62E+12,0,0,1787798,897516,99.29606628,92.92421722,57.32207108,0,0,0,0,13.4,0,0,0,0,0,0,0,0,0,0,5.13328622,0.914378513,0,233792000,0,0,0,0,0,5.957759857,5.575449944,2.866100073,3,0,3,6,6,3,0,0,0,0,0,0
1984,China,0,0,0,0,0,0,0,0,0,0,0,0,0,0,0,0,0,0,0,0,9.76224041,2.60E+11,250.713969,2.61E+11,0,1.998209953,460422,0,113.3832321,30.13414955,2.052690029,0,0,0,0,54.8,0,0,0,0,0,0,0,0,0,0,0,1.312068761,0,1036825000,26.33371925,25.03049088,16.41877937,0,0,5.669159889,1.808050036,0.102629997,3,0,4,5,6,3,0,0,0,0,0,0
1984,India,0,0,0,0,0,0,0,0,0,0,0,0,0,0,0,0,0,0,0,0,0,2.09E+11,273.9018266,2.08E+11,0,0,0,0,88.38440704,35.29776001,5.880720139,0,0,0,0,149.2,0,0,0,0,0,0,0,0,0,0,0,2.289168329,0,764245202,0,0,0,14.08528042,0,4.419219971,2.470839977,0.294039994,3,0,2,5,7,4,0,0,0,0,0,0
1984,United States,0,0,0,0,0,0,0,0,0,0,0,0,0,0,0,0,0,0,0,0,0,4.04E+12,17134.28602,4.04E+12,0,0,1810732,911518,98.13123322,94.91506195,58.1328392,0,0,0,0,13,0,0,0,0,0,0,0,0,0,0,8.009835242,0.865817336,0,235825000,0,14.02120018,0,17.75592995,0,5.887869835,5.694900036,2.906640053,3,0,3,6,6,3,0,0,0,0,0,0
1985,China,0,0,0,0,0,0,4.14,1.12,0.05,5.31,22.63,20.77,14.59,0.82,0,0,0,0,0,0,10.68737984,3.09E+11,294.4588485,3.10E+11,0,2.007910013,339325,0,118.6392212,31.44628906,2.475470066,0,0,0,0,54.2,0,0,0,0,0,0,0,0,0,0,0,1.361699118,0,1051040000,26.36408043,25.24790955,17.0783596,7.339159966,0,5.931960106,1.886780024,0.123769999,3,0,4,5,6,3,0,0,0,0,0,0
1985,India,0,0,0,0,0,0,1.93,0.86,0.1,2.89,58.54,11.1,0.57,1.74,0,0,0,0,0,0,0,2.29E+11,293.4886471,2.28E+11,0,0,0,0,88.21999359,0,5.849510193,0,0,0,0,145.2,0,0,0,0,0,0,0,0,0,0,0,2.253971506,0,781666671,62.05350876,0,0,14.58098984,0,4.410999775,0,0.292479992,3,0,2,5,7,4,0,0,0,0,0,0
1985,United States,0,0,0,0,0,0,5.86,5.1,1.12,12.08,1.05,4.6,40.88,18.51,0,0,0,0,0,0,0,4.35E+12,18269.42217,4.32E+12,0,0,1820643,918449,98.35027313,93.9609375,57.98939133,0,0,0,0,12.7,0,0,0,0,0,0,0,0,0,0,10.44776111,0.886129041,0,237924000,0,14.05163002,0,17.48848915,0,5.90102005,5.637660027,2.899470091,3,0,3,6,6,3,0,0,0,0,0,0
1986,China,0,0,0,0,0,0,0,0,0,0,0,0,0,0,0,0,0,0,0,0,10.43900967,3.01E+11,281.9281209,3.01E+11,0,2.056829929,289241,0,123.5658188,33.09479904,3.016839981,0,0,0,0,53.9,0,0,0,0,0,0,0,0,0,0,0,1.487398929,0,1066790000,26.90834999,24.86643028,16.99970055,8.574959755,0,6.17828989,1.985689998,0.150839999,3,0,4,5,6,3,0,0,0,0,0,0
1986,India,0,0,0,0,0,0,0,0,0,0,0,0,0,0,0,0,0,0,0,0,0,2.46E+11,307.395346,2.44E+11,0,0,0,0,90.38838959,37.4091301,6.005340099,0,0,0,0,141.3,0,0,0,0,0,0,0,0,0,0,0,2.215960108,0,799181436,0,0,0,14.76290989,0,4.519420147,2.618639946,0.300269991,3,0,2,5,7,4,0,0,0,0,0,0
1986,United States,1.022840023,0,0,0,0,0,0,0,0,0,0,0,0,0,0,0,0,0,0,0,0,4.59E+12,19115.05291,4.53E+12,0,4.583260059,0,0,99.81535339,95.04894257,59.15856171,0,0,0,0,12.4,1.022840023,0,0,1363395,0,5.318150043,0,0,0,0,12.74921033,0.924164157,0,240133000,0,14.18525982,0,17.64705086,6.732349873,5.981850147,5.67784977,2.957930088,3,0,3,6,6,3,0,93.26764679,1.022840023,0,0,0
1987,China,0.919950008,0,0,0,0,0,0,0,0,0,0,0,0,0,0,0,0,0,0,0,9.461580276,2.73E+11,251.811957,2.73E+11,0,1.800490022,330313,0,128.3821259,35.23152161,3.157269955,0,0,0,0,53.9,0.919950008,0,0,5660341,0,29.27989006,0,0,0,0,0,1.603605087,0,1084035000,26.92974091,24.35070992,16.89916992,8.157529831,5.512509823,6.227069855,2.113889933,0.157859996,3,0,4,5,6,3,0,94.48748779,0.919950008,0,0,0
1987,India,0,0,0,0,0,0,0,0,0,0,0,0,0,0,0,0,0,0,0,0,0,2.75E+11,337.0639962,2.73E+11,0,0,0,0,88.23335266,37.0304718,6.346849918,0,0,0,0,137.3,0,0,0,0,0,0,0,0,0,0,0,2.179738085,0,816792741,0,0,0,15.02733994,0,4.411670208,2.592129946,0.317339987,3,0,2,5,7,4,0,0,0,0,0,0
1987,United States,1.023110032,0,0,0,0,0,0,0,0,0,0,0,0,0,0,0,0,0,0,0,0,4.87E+12,20100.85889,4.85E+12,0,0,1830284,928911,100.8256302,95.24610138,61.80480957,0,0,0,0,12.1,1.023110032,0,0,1031354,0,5.022920132,0,0,0,0,15.33023084,0.893829201,0,242289000,0,0,0,17.83667946,5.049129963,6.046319962,5.683400154,3.090240002,3,0,3,6,6,3,0,94.9508667,1.023110032,0,0,0
1988,China,0,0,0,0,0,0,0,0,0,0,0,0,0,0,0,0,0,0,0,0,10.74394035,3.12E+11,283.5376952,3.12E+11,0,1.761909962,407014,0,130.3918152,36.79692841,3.12477994,0,0,0,0,54,0,0,0,3669106,0,29.03364944,0,0,0,0,0.026668379,1.610071086,0,1101630000,27.75315094,23.62223053,16.35938072,0,3.727230072,6.32833004,2.207819939,0.156240001,3,0,4,5,6,3,0,96.27277374,0,0,0,0
1988,India,0,0,0,0,0,0,0,0,0,0,0,0,0,0,0,0,0,0,0,0,0,2.93E+11,350.6727391,2.90E+11,0,0,860725,260322,89.55368805,37.12025833,5.544620037,0,0,0,0,133.4,0,0,0,0,0,0,0,0,0,0,0.017989203,2.143456764,0,834489322,0,0,0,0,0,4.477680206,2.598419905,0.277229995,3,0,2,5,7,4,0,0,0,0,0,0
1988,United States,0,0,0,0,0,0,0,0,0,0,0,0,0,0,0,0,0,0,0,0,0,5.25E+12,21483.23306,5.28E+12,0,4.677619934,0,0,0,0,64.4732666,0,0,0,0,11.9,0,0,0,0,0,0,0,0,0,0,18.07746265,0.90799904,0,244499000,0,0,0,16.09836006,0,0,0,3.223659992,3,0,3,6,6,3,0,0,0,0,0,0
1989,China,0,0,0,0,0,0,0,0,0,0,0,0,0,0,0,0,0,0,0,0,0,3.48E+11,310.8819124,3.48E+11,0,0,556314,0,130.7381897,37.05006027,3.032429934,0,0,0,0,54.1,0,0,0,3362268,0,27.21447945,0,0,0,0,0.03490476,1.533169996,0,1118650000,27.66304016,22.78693962,15.31392002,0,3.506580114,6.376420021,2.22300005,0.151620001,3,0,4,5,6,3,0,96.49342346,0.92772001,0,0,0
1989,India,0,0,0,0,0,0,0,0,0,0,0,0,0,0,0,0,0,0,0,0,0,2.92E+11,342.7238981,2.89E+11,0,0,1063368,0,92.53076935,37.29241943,5.759439945,0,0,0,0,129.6,0,0,0,0,0,0,0,0,0,0,0.023491419,2.108347059,0,852270034,0,0,0,0,0,4.626540184,2.610470057,0.287970006,3,0,2,5,7,4,0,0,0,0,0,0
1989,United States,0,0,0,0,0,0,0,0,0,0,0,0,0,0,0,0,0,0,0,0,0,5.66E+12,22922.43709,5.62E+12,0,4.798500061,1870773,988092,0,0,67.16770935,0,0,0,0,11.6,0,0,0,0,0,0,0,0,0,0,19.60850936,0.944405555,0,246819000,0,0,0,0,0,0,0,3.358390093,3,0,3,6,6,3,0,0,0,0,0,0
1990,China,0,0,0,0,0,0,4.23,1.3,0.06,5.59,22.23,19.89,19.88,1.08,0,0,0,0,0,0,0,3.61E+11,317.884673,3.62E+11,0,0,589594,0,129.7021942,37.31504059,3.012470007,0,0,45.15261183,639940777,53.9,0,0,0,3006953,0,25.51139069,0,0,0,0,0.042902658,1.467303211,0,1135185000,26.05640984,22.31880951,14.6069603,0,3.152070045,6.384419918,2.238899946,0.150619999,3,0,4,5,6,3,0,96.84793091,0.935039997,0,0,0
1990,India,0.737089992,0,0,0,0,0,2.29,1.03,0.12,3.45,51.62,13.73,0.55,2.23,0,0,0,0,0,0,0,3.17E+11,363.9640873,3.12E+11,0,0,1102446,0,91.83390808,0,5.956150055,0,0,27.93802169,327611171,125.9,0.737089992,0,0,23894508,0,6.18983984,0,0,0,0,0.031074104,2.074320724,0,870133480,0,0,0,0,22.54796982,4.572050095,0,0.297809988,3,0,2,5,7,4,0,77.45202637,0.737089992,0,0,0
1990,United States,1.011919975,0,0,0,0,0,5.84,5.08,1.28,12.2,1.15,5.57,35.98,20.71,0,0,0,0,0,0,0,5.98E+12,23954.47935,5.92E+12,0,4.814449787,1907625,1021116,105.162117,91.00752258,70.75005341,0,0.784728502,44.31817689,127940053,11.2,1.011919975,0,0,413386,0,6.098539829,0,0,0,0,21.29610391,1.12965052,0,249623000,0,0,0,16.4296093,1.951279998,6.314869881,5.442739964,3.537499905,3,0,3,6,6,3,0,98.04872131,1.011919975,0,0,0
1991,China,0,0,0,0,0,0,0,0,0,0,0,0,0,0,0,0,0,0,0,0,0,3.83E+11,333.1421454,3.84E+11,0,0,609749,0,126.3403931,39.63742828,2.93091011,0,0,45.14231234,648165078,53.3,0,0,0,2779462,0,23.17073059,0,0,0,0,0.067624202,1.364434008,0,1150780000,26.31043053,21.93083954,14.42533016,0,2.868619919,6.286139965,2.378249884,0.14655,3,0,4,5,6,3,0,97.13137817,0.940890014,4.300000191,5.400000095,4.900000095
1991,India,0,0,0,0,0,0,0,0,0,0,0,0,0,0,0,0,0,0,0,0,0,2.67E+11,300.0966366,2.62E+11,0,0,1146448,0,91.54216766,0,6.038839817,0,0,28.00693518,335307428,122.4,0,0,0,0,0,0,0,0,0,0,0.039487844,2.038691209,0,888054875,0,0,0,0,0,4.577109814,0,0.301939994,3,0,2,5,7,4,0,0,0,4.199999809,4,4.099999905
1991,United States,1.004600048,0,0,0,0,0,0,0,0,0,0,0,0,0,0,0,0,0,0,0,0,6.17E+12,24405.16481,6.12E+12,0,4.898729801,1987650,1077368,104.4173126,90.87973785,72.54711151,0,1.163193726,44.43605793,128696047,10.9,1.004600048,0,0,429154,0,5.619140148,0,0,0,0,22.95032335,1.336260741,0,252981000,0,0,0,16.44210052,1.997910023,6.274260044,5.438640118,3.627360106,3,0,3,6,6,3,0,98.00209045,1.004600048,6.400000095,7.099999905,6.800000191
1992,China,0.945569992,0,0,0,0,0,0,0,0,0,0,0,0,0,0,0,0,0,0,0,12.2905302,4.27E+11,366.4606923,4.27E+11,0,1.654229999,645510,0,123.4035416,42.80125046,2.843889952,0,0,45.12439655,658133107,52.3,0.945569992,0,0,2768094,0,21.80356979,0,0,0,0,0.09175268,1.225536228,0,1164970000,28.7331295,21.98751068,14.52493954,0,2.808190107,6.193200111,2.568069935,0.142189994,3,0,4,5,6,3,0,97.19181061,0.945569992,3.799999952,4.800000191,4.400000095
1992,India,0,0,0,0,0,0,0,0,0,0,0,0,0,0,0,0,0,0,0,0,0,2.84E+11,313.8601101,2.80E+11,0,0,1213387,0,91.8289032,0,0,0,0.000111308,28.10492791,343350822,119,0,0,0,0,0,0,0,0,0,0,0.045366547,2.002906432,0,906021106,0,0,0,0,0,4.591450214,0,0,3,0,2,5,7,4,0,0,0,4.199999809,4,4.099999905
1992,United States,0,0,0,0,0,0,0,0,0,0,0,0,0,0,0,0,0,0,0,0,0,6.54E+12,25492.95165,6.46E+12,0,0,2024668,1096905,0,0,77.08592224,0,1.724202539,44.57207534,130848408,10.5,0,0,0,0,0,0,0,0,0,0,24.84091349,1.386885692,0,256514000,0,0,0,17.3861599,0,0,0,3.854300022,3,0,3,6,6,3,0,0,0,7,7.900000095,7.5
1993,China,0.95006001,0,0,0,0,0,0,0,0,0,0,0,0,0,0,0,0,0,0,0,14.77394962,4.45E+11,377.3898395,4.44E+11,0,1.656610012,643583,0,119.8457031,45.73823929,2.93091011,0,0.00016868,45.10268709,668968036,50.9,0.95006001,0,0,4165539,0,19.30550957,0,0,0,0,0.115406459,1.149619431,0,1178440000,29.79398918,22.07777023,14.5892601,0,4.091549873,6.048759937,2.744290113,0.14655,3,0,4,5,6,3,0,95.90844727,0.95006001,3.799999952,4.800000191,4.300000191
1993,India,0,0,0,0,0,0,0,0,0,0,0,0,0,0,0,0,0,0,0,0,0,2.76E+11,298.2176638,2.72E+11,0,0,0,0,93.52689362,45.51369858,0,0,0.000218176,28.23784675,351839869,115.7,0,0,0,0,0,0,0,0,0,0,0.060796376,1.971204062,0,924057817,0,0,0,0,0,4.676340103,3.185960054,0,3,0,2,5,7,4,0,0,0,4.300000191,4.199999809,4.300000191
1993,United States,0.999800026,0,0,0,0,0,0,0,0,0,0,0,0,0,0,0,0,0,0,0,0,6.88E+12,26464.85251,6.76E+12,0,0,0,0,102.9622269,95.36197662,78.68479919,0,2.271673294,44.69266805,132278225,10.1,0.999800026,0,0,882692,0,6.009140015,0,0,0,0,26.7642305,1.31868,0,259919000,0,16.09671021,15.53341007,17.38471985,3.955559969,6.18915987,5.717740059,3.934240103,3,0,3,6,6,3,0,96.04444122,0.999800026,6.599999905,7.199999809,6.900000095
1994,China,0.956399977,0,0,0,0,0,0,0,0,0,0,0,0,0,0,0,0,0,0,0,20.0649395,5.64E+11,473.4922787,5.63E+11,0,1.987239957,627571,0,116.281311,47.40177917,3.666640043,0,0.001168115,45.08091254,679288257,49.3,0.956399977,0,0,6206704,0,17.4532795,0,0,0,0,0.163142572,1.130260632,0,1191835000,30.53277969,22.37416077,14.48036003,8.629260063,5.810400009,5.902729988,2.844110012,0.183329999,3,0,4,5,6,3,0,94.18959808,0.956399977,3.799999952,4.800000191,4.300000191
1994,India,0,0,0,0,0,0,0,0,0,0,0,0,0,0,0,0,0,0,0,0,0,3.23E+11,342.7175187,3.19E+11,0,0,0,0,94.64933014,45.8368187,0,0,0.001069562,28.4165345,360945118,112.5,0,0,0,0,0,0,0,0,0,0,0.085246718,1.944743372,0,942204249,0,0,0,0,0,4.732470036,3.208580017,0,3,0,2,5,7,4,0,0,0,3.900000095,3.599999905,3.700000048
1994,United States,1.007660031,0,0,0,0,0,0,0,0,0,0,0,0,0,0,0,0,0,0,0,0,7.31E+12,27776.63553,7.20E+12,0,4.873179913,2384819,1303681,102.4447937,96.47335815,78.30893707,0,4.862780635,45.15821027,134617308,9.8,1.007660031,0,0,982826,0,5.667300224,0,0,0,0,29.23755283,1.226296089,0,263126000,0,16.08708954,15.69764996,15.62617016,4.337590218,6.155330181,5.7915802,3.915450096,3,0,3,6,6,3,0,95.66240692,1.007660031,6,6.199999809,6.099999905
1995,China,0.967440009,0,0,0,0,0,4.55,1.67,0.11,6.32,15.96,19.38,25.17,1.97,0,0,0,0,0,0,18.71717072,7.35E+11,609.6566792,7.23E+11,0,1.843119979,1040135,0,112.9893494,51.20373154,4.461070061,0,0.00495471,45.06144113,688172429,47.5,0.967440009,0,0,8735886,0,16.4135704,0,0,0,0,0.22625688,1.086509151,0,1204855000,30.52223969,22.8513298,15.07365036,0,7.697820187,5.772049904,3.072220087,0.223049998,3,0,4,5,6,3,0,92.30217743,0.967440009,4,5,4.599999905
1995,India,0,0,0,0,0,0,2.51,1.42,0.19,4.12,47.79,14.46,6.93,3.36,0,0,0,0,0,0,0,3.55E+11,370.1013553,3.51E+11,0,0,0,0,94.36852264,45.54281998,5.550330162,0,0.026228879,28.32814071,368223997,109.1,0,0,0,0,0,0,0,0,0,0,0.125548706,1.921399359,0,960482795,0,0,0,0,0,4.718430042,3.187999964,0.277520001,3,0,2,5,7,4,0,0,0,4.099999905,3.900000095,4
1995,United States,1.002959967,0,0,0,0,0,5.94,5.36,1.29,12.59,0.55,2.07,38.26,20.4,0,0,0,0,0,0,0,7.66E+12,28782.17502,7.60E+12,0,4.940680027,2441994,1342620,103.8801727,95.05888367,78.30999756,0,9.237088297,45.19721978,136502967,9.5,1.002959967,0,0,678640,0,5.800000191,0,0,0,0,32.19672862,1.190787091,0,266278000,27.23220062,16.17297935,15.42570019,15.76288986,2.959130049,6.237949848,5.70634985,3.915499926,3,0,3,6,6,3,0,97.04087067,1.002959967,5.599999905,5.599999905,5.599999905
1996,China,0.977630019,0,0,0,0,0,0,0,0,0,0,0,0,0,0,0,0,0,0,0,19.50534058,8.64E+11,709.4137551,8.51E+11,0,1.85374999,0,0,109.1171112,55.70798111,4.996650219,0,0.013081692,45.05756237,700455385,45.5,0.977630019,0,0,10988655,0,14.17673016,0,0,0,0,0.360606658,1.048141514,0,1217550000,30.98328972,23.29627991,15.56383991,0,9.087050438,5.59965992,3.342479944,0.249829993,3,0,4,5,6,3,0,90.91294861,0.977630019,4,5.099999905,4.599999905
1996,India,0,0,0,0,0,0,0,0,0,0,0,0,0,0,0,0,0,0,0,0,0,3.88E+11,396.0146123,3.84E+11,0,0,0,0,94.23313904,45.47692108,6.28704977,0,0.046333977,28.24304969,375264864,105.7,0,0,0,0,0,0,0,0,0,0,0.154139006,1.898649353,0,978893217,0,0,0,0,0,4.711659908,3.183379889,0.314350009,3,0,2,5,7,4,0,0,0,4.099999905,3.900000095,4
1996,United States,1.006539941,0,0,0,0,0,0,0,0,0,0,0,0,0,0,0,0,0,0,0,0,8.10E+12,30068.23092,8.08E+12,0,0,2454932,1354800,103.9190979,94.72489166,77.78186798,0,16.41935296,45.30035023,138421687,9.2,1.006539941,0,0,818459,0,6.302639961,0,0,0,0,35.61532625,1.16341162,0,269394000,27.52514076,16.03388023,15.40349007,15.58117962,3.537120104,6.236499786,5.6916399,3.889090061,3,0,3,6,6,3,0,96.462883,1.006539941,5.400000095,5.400000095,5.400000095
1997,China,0.987789989,0,0,0,0,0,0,0,0,0,0,0,0,0,0,0,0,0,0,0,0,9.62E+11,781.7441643,9.51E+11,0,0,0,0,0,58.39163971,5.450910091,0,0.032394861,45.0497358,709661012,43.6,0.987789989,0,0,34666216,0,12.35709953,0,0,0,0,0.596648371,1.023450024,0,1230075000,30.00606918,23.73693085,16.18688965,11.41201973,22.38743019,5.455490112,3.503499985,0.272549987,3,0,3,6,6,3,0,90.18811798,0.987789989,4,5.099999905,4.599999905
1997,India,0,0,0,0,0,0,0,0,0,0,0,0,0,0,0,0,0,0,0,0,13.90414047,4.10E+11,411.3877208,4.07E+11,0,3.308470011,0,0,93.85736847,46.03047943,6.566959858,0,0.070767849,28.15573869,382545481,102.3,0,0,0,0,0,0,0,0,0,0,0.201926351,1.873466192,0,997405318,0,0,0,0,0,4.69287014,3.22213006,0.328350008,3,0,2,5,7,4,0,0,0,4.300000191,4.400000095,4.400000095
1997,United States,0,0,0,0,0,0,0,0,0,0,0,0,0,0,0,0,0,0,0,0,0,8.61E+12,31572.69023,8.62E+12,0,0,0,0,0,0,0,0,21.61640097,45.46748667,140843160,8.9,0,0,0,0,0,0,0,0,0,0,39.69316455,1.203960297,0,272657000,0,0,0,0,0,0,0,0,3,0,3,6,6,3,0,0,0,5,4.800000191,4.900000095
1998,China,0,0,0,0,0,0,0,0,0,0,0,0,0,0,0,0,0,0,0,9,14.55140972,1.03E+12,828.5804793,1.01E+12,0,1.844230056,0,0,106.2041931,0,5.975880146,0,0.168540297,45.04258677,717194611,41.5,0,0,0,0,1.972980022,0,0,0,0,0,0.885219768,0.959550406,221332208,1241935000,28.48123932,24.15677071,0,11.76455021,0,5.310210228,0,0.298790008,3,0,3,5,6,3,0,0,0,4.099999905,5.300000191,4.699999809
1998,India,0,0,0,0,0,0,0,0,0,0,0,0,0,0,0,0,0,0,0,0,14.77775002,4.16E+11,409.1943859,4.12E+11,0,3.516340017,0,0,92.22186279,0,0,0,0.139027329,28.06678161,390042095,98.7,0,0,0,0,0,0,0,0,0,0,0.267924508,1.844585364,0,1015974042,0,0,0,0,0,4.611090183,0,0,3,0,3,5,7,4,0,0,0,3.900000095,3.700000048,3.799999952
1998,United States,0,73.46733093,73.46733093,72.14253998,73.46733093,68.68057251,0,0,0,0,0,0,0,0,11.02980995,11.02980995,10.54395008,11.02980995,9.274299622,12,0,9.09E+12,32949.19776,9.17E+12,4.566800117,4.814990044,0,0,103.9386292,94.82893372,70.63162994,3.242889881,30.09319659,45.48943885,142835576,8.7,0,2.955270052,0,0,0.287620008,0,0,0,2.196180105,0,44.59571711,1.165714526,47207816,275854000,22.2179203,15.67605972,15.18828011,0,0,6.236320019,5.689740181,3.531579971,3,0,3,6,6,3,0,0,0,4.599999905,4.400000095,4.5
1999,China,0,61.76665878,68.04244995,52.43093109,52.98414993,35.68093109,0,0,0,0,0,0,0,0,4.440649986,5.769549847,11.47574997,9.894590378,22.43704033,9,12.63156033,1.09E+12,873.2870617,1.08E+12,1.856099963,1.887300014,0,0,0,61.25782013,6.509950161,0,0.708187957,45.04244469,725253321,39.3,0,0,6,0,1.933449984,0,0,0,0,0,1.217677275,0.865851393,224482512,1252735000,27.44985008,0,0,12.63358974,0,0,3.69314003,0.325500011,3,1,3,5,6,3,0,0,0,4,5.199999809,4.699999809
1999,India,0,86.02082825,86.02082062,90.9175415,86.02082062,98.21363068,0,0,0,0,0,0,0,0,2.512559891,2.512550116,1.86571002,2.512550116,1.569620013,0,17.64340973,4.53E+11,437.5861178,4.49E+11,0,4.347439766,0,0,92.89160156,43.22161102,0,0,0.273224277,27.97765894,397712876,95.1,0,0,0,0,0,0,0,0,0,0,0.321946599,1.81083241,0,1034539214,0,40,33.62363052,0,0,4.637750149,2.985409975,0,3,3,3,5,7,4,0,0,0,4.199999809,4.199999809,4.199999809
1999,United States,1.00556004,72.53723145,72.53723145,71.51576996,72.53723145,68.85923004,0,0,0,0,0,0,0,0,11.86853027,11.86853027,11.14344978,11.86853027,9.257710457,12,0,9.66E+12,34620.9289,9.73E+12,4.605750084,4.84965992,2069033,1165775,103.573082,94.04444122,72.16420746,3.282180071,35.84872446,45.54659181,144821095,8.6,1.003520012,2.980760098,6,598595,0.301420003,0,0,0,2.127929926,0,50.10320372,1.148340047,47943816,279040000,21.99283028,15.41491985,14.92401028,13.88306046,2.486109972,6.214930058,5.65087986,3.465759993,3,1,3,6,6,3,451935,99.60343933,1.001710057,4.300000191,4.099999905,4.199999809
2000,China,0,0,0,0,0,0,4.81,1.97,0.15,6.93,10.97,18.33,27.53,2.75,0,0,0,0,0,9,0,1.21E+12,959.3724836,1.20E+12,0,0,1775999,0,0,61.02743912,7.720479965,0,1.775913207,45.05203287,734852598,36.9,0,0,6,0,1.917770028,0,0,0,0,0,1.608836313,0.787956593,223860144,1262645000,26.66437912,0,17.10845947,14.07174969,0,0,3.87883997,0.386020005,3,1,3,5,6,3,0,0,0,3.900000095,5,4.5
2000,India,0.841920018,88.48872375,88.44239807,90.28598785,87.03315735,98.52993011,2.73,2.08,0.22,5.03,43.98,13.51,19.83,4.01,4.459780216,4.477829933,3.893450022,5.023880005,1.180819988,0,17.49650002,4.62E+11,438.8646304,4.57E+11,4.244369984,4.256840229,0,0,94.58763123,45.06362152,9.547439575,0.074309997,0.52753245,27.88867945,405518817,91.5,0.844190001,-0.588590026,0,19054168,0.662890017,0,0,0,0,0,0.441347863,1.773545774,0,1053050912,0,39.99998856,33.62314987,23.56871986,15.86345959,4.72232008,3.118750095,0.477369994,3,3,3,5,7,4,6988,84.13654327,0.841920018,4.199999809,4.300000191,4.300000191
2000,United States,1.002400041,71.755867,71.755867,68.35124207,71.755867,60.24155045,5.95,5.26,1.43,12.64,0.43,1.95,30.16,22.97,11.80119991,11.80119991,11.45748997,11.80119991,10.63879013,12,0,1.03E+13,36449.85512,1.04E+13,4.572309971,0,2150954,1225978,102.5235672,93.17204285,68.13630676,3.59897995,43.07916264,45.55879429,146767633,8.4,1.002959967,3.269639969,6,580495,0.329340011,0,0,0,2.219229937,34.96963,56.57173958,1.112768997,48607768,282162411,21.16065979,15.00811005,14.60579967,12.84539032,2.383130074,6.151380062,5.600039959,3.317859888,3,1,3,6,6,3,475169,99.45171356,0.999650002,4.099999905,3.900000095,4
2001,China,0,0,0,0,0,0,0,0,0,0,0,0,0,0,0,0,0,0,0,9,0,1.34E+12,1053.108243,1.32E+12,0,0,1804660,0,107.4354706,60.90147018,9.951310158,0,2.639650215,44.96490126,740671632,34.3,0,0,6,0,1.762480021,0,0,0,0,0,1.941158894,0.726380638,219781888,1271850000,26.20314026,22.2057209,18.92289925,15.96658039,0,5.4509902,3.681849957,0.497570008,3,1,3,5,6,3,0,0,0,3.900000095,5.099999905,4.5
2001,India,0.857739985,83.52481079,83.52481079,86.7106781,83.52481079,98.52947998,0,0,0,0,0,0,0,0,5.59442997,5.59442997,4.643730164,5.59442997,1.146589994,0,0,4.79E+11,447.0138966,4.75E+11,3.888469934,0,0,0,94.41246796,45.34122849,9.73581028,0.079219997,0.660146377,28.20217525,417004004,87.9,0.854860008,-0.675989985,0,19214096,0.755209982,0,0,0,0,0,0.566304386,1.734728697,0,1071477855,0,40.14999008,33.44458008,23.80398941,15.93690968,4.712890148,3.142770052,0.486790001,3,3,3,5,7,4,7791,84.06308746,0.857739985,4,4,4
2001,United States,1.014670014,71.40264893,71.40264893,68.11641693,71.40264893,60.24155045,0,0,0,0,0,0,0,0,11.90106964,11.90106964,11.52941036,11.90106964,10.63879013,12,0,1.06E+13,37273.6181,1.08E+13,4.920939922,5.449790001,2174142,1241414,102.9981003,93.95050812,68.98013306,3.495019913,49.08083159,45.6164512,147741175,8.3,1.016330004,3.144299984,6,660324,0.350719988,0,0,0,2.202440023,0,61.90601569,0.989741382,49134852,284968955,22.33773994,15.44419003,15.16271019,13.20184994,2.6884799,6.178589821,5.64467001,3.391860008,3,1,3,6,6,3,475168,99.46381378,1.010570049,4.599999905,4.800000191,4.699999809
2002,China,0,0,0,0,0,0,0,0,0,0,0,0,0,0,0,0,0,0,0,9,0,1.47E+12,1148.50829,1.46E+12,0,0,1948080,0,110.2409668,60.79652023,12.79104042,0,4.595704331,44.88157815,747357274,31.6,0,0,6,0,1.848680019,0,0,0,0,0,2.740631245,0.669999568,213633904,1280400000,0,0,18.9290905,17.86136055,0,5.516459942,3.703530073,0.639549971,3,1,3,5,6,3,0,0,0,3.799999952,4.900000095,4.400000095
2002,India,0.869570017,0,0,0,0,0,0,0,0,0,0,0,0,0,0,0,0,0,0,0,0,5.08E+11,466.2008042,5.05E+11,0,0,0,0,95.02355957,47.26625824,10.22144985,0.077009998,1.537875582,28.51724294,428865130,84.4,0.870859981,-0.871190012,0,19553992,0.948199987,0,0,0,0,0,0.696569159,1.696185068,0,1089807112,8.636770248,40.66296005,32.32463837,24.67456055,16.1300106,4.742189884,3.279190063,0.511070013,3,3,3,5,7,4,8145,83.86998749,0.869570017,4.300000191,4.300000191,4.300000191
2002,United States,1.016149998,71.43125916,71.43125916,65.98438263,71.43125916,53.49132919,0,0,0,0,0,0,0,0,11.91485977,11.91485977,11.10990047,11.91485977,9.263640404,12,16.52621078,1.10E+13,38166.03784,1.11E+13,5.195179939,5.417329788,2238327,1282564,100.5940704,93.28764343,79.33296204,3.660200119,58.78540388,45.66866916,148569048,8.2,1.014410019,3.331919909,6,987543,0.328280002,0,0,0,0,0,0,0.927797486,49574056,287625193,18.92181015,14.82711983,14.88344955,14.30850983,3.996740103,6.032619953,5.605289936,3.932840109,3,1,3,6,6,3,582996,98.0606308,1.003069997,5.599999905,5.900000095,5.800000191
2003,China,0,0,0,0,0,0,0,0,0,0,0,0,0,0,0,0,0,0,0,9,0,1.66E+12,1288.643252,1.65E+12,0,0,0,0,113.4654999,62.26667023,15.63580036,0,6.2,44.79459013,754391191,28.9,0,0,6,0,2.059619904,0,0,0,0,0,3.869327839,0.622860936,204553248,1288400000,0,21.05303001,18.61115074,20.45388985,0,5.67414999,3.754120111,0.781790018,3,1,3,5,6,3,0,0,0,3.700000048,4.800000191,4.300000191
2003,India,0.970420003,83.52481079,83.52481079,86.95487213,83.52481079,98.78877258,0,0,0,0,0,0,0,0,5.59442997,5.59442997,4.548240185,5.59442997,0.962880015,0,12.92222977,6.00E+11,541.1352279,5.95E+11,3.546309948,3.546000004,0,0,102.9623489,49.82318115,10.67383957,0.068510003,1.686489971,28.83154461,441047175,81,0.973140001,-0.984380007,0,13777284,1.052880049,0,0,0,0,0,0.857114049,1.658100247,0,1108027848,9.173290253,41.32987976,32.32492828,26.38546944,11.29693985,5.134530067,3.459500074,0.533689976,3,3,3,5,7,4,7738,88.70305634,0.970420003,4,3.900000095,3.900000095
2003,United States,1.013059974,72.05092621,72.05092621,66.23674774,72.05092621,53.40597916,0,0,0,0,0,0,0,0,11.19991016,11.19991016,10.73320007,11.19991016,9.703269958,12,16.57224083,1.15E+13,39677.19835,1.16E+13,5.304969788,5.554140091,2355724,1353548,100.5753937,95.00524139,81.31324005,3.529530048,61.69711712,45.8181673,149184806,8.1,1.014479995,3.219939947,6,1103082,0.309599996,0,0,0,1.847429991,0,0,0.859481713,49814932,290107933,18.68416023,14.81355953,14.9155302,14.2308197,4.46476984,6.028950214,5.702939987,4.038300037,3,1,3,6,6,3,586316,97.22119141,1.006559968,5.699999809,6.300000191,6
2004,China,0,0,0,0,0,0,0,0,0,0,0,0,0,0,0,0,0,0,0,9,0,1.96E+12,1508.668098,1.95E+12,0,0,3977882,1805589,0,0,17.91102982,0,7.3,44.69616876,760819579,26.3,0,0,6,0,2.022660017,0,0,0,0,0,4.043759025,0.593932815,193672272,1296075000,0,0,0,22.47211075,0,0,0,0.895550013,3,1,3,6,6,3,0,0,0,3.700000048,4.800000191,4.300000191
2004,India,0,83.13076019,83.13076019,86.52335358,83.13076019,98.04254913,0,0,0,0,0,0,0,0,5.466300011,5.466300011,4.599299908,5.466300011,1.703690052,0,11.55218983,7.00E+11,621.3183767,6.95E+11,3.290780067,3.296499968,0,0,0,51.57170105,10.98427963,0.064029999,1.976136492,29.14240583,453489591,77.7,0,-1.065219998,0,0,1.129240036,0,0,0,0,0,1.17321211,1.621038435,0,1126135777,8.021519661,0,32.69998932,22.00003052,0,0,3.584320068,0.549210012,3,3,3,5,7,4,7589,0,0,3.900000095,3.900000095,3.900000095
2004,United States,1.014719963,72.00605774,72.00605774,68.39494324,72.00605774,59.56465149,0,0,0,0,0,0,0,0,11.11338043,11.11338043,11.20396996,11.11338043,11.42547989,12,15.66388035,1.23E+13,41921.80976,1.24E+13,5.041490078,5.31415987,2473299,1427311,100.0040283,95.50248718,81.46356201,3.387530088,64.75825648,45.7475371,150259265,8.1,1.015499949,3.087960005,6,1366373,0.299569994,0,0,0,2.222670078,40.11321,75.74268843,0.925483969,49883276,292805298,17.09794044,14.21109009,14.97542,14.38545036,5.56374979,5.989109993,5.731170177,4.086929798,3,1,3,6,6,3,572509,96.85820007,1.009019971,5.400000095,5.599999905,5.5
2005,China,0,0,0,0,0,0,4.96,2.18,0.15,7.29,7.68,16.76,26.93,2.73,0,0,0,0,0,9,0,2.29E+12,1753.417829,2.27E+12,0,0,5004102,2294295,0,0,19.3358593,0,8.523257003,44.58571802,766356401,24,0,0,6,0,1.95875001,0,0,0,0,0,4.818776837,0.58812499,182532432,1303720000,0,0,0,14.67140961,0,0,0,0.96679002,3,1,3,6,6,3,0,0,0,3.5,4.599999905,4.099999905
2005,India,0,83.13076019,83.13076019,86.20124817,83.13076019,97.32943726,3.05,2.34,0.24,5.63,37.95,15.22,21.8,4.38,5.466310024,5.466300011,4.81498003,5.466300011,2.454440117,0,11.53215027,8.09E+11,707.008019,8.03E+11,3.128520012,3.135930061,0,0,0,54.17274094,10.73015976,0.096019998,2.388075,29.44902842,466154153,74.4,0,-1.143929958,0,0,1.239959955,0,0,0,0,0,1.508237352,1.584251766,0,1144118674,6.641089916,0,0,0,0,0,3.768039942,0.536509991,3,3,3,5,7,4,11309,0,0,5,4.099999905,4.400000095
2005,United States,1.014860034,71.79390717,71.79390717,67.64898682,71.79390717,57.86384964,5.95,5.47,1.44,12.86,0.43,1.86,35.99,22.39,11.19279003,11.19279003,11.30611992,11.19279003,11.57367992,12,15.11192989,1.31E+13,44307.92058,1.32E+13,4.765850067,5.063310146,2557595,1482496,100.7020874,95.67317963,82.08444214,3.416840076,67.96805292,45.77773156,152118265,8,1.015499949,3.111730099,6,1147586,0.305110008,0,0,0,2.226589918,38.41115,77.2724445,0.921713167,49820976,295516599,19.22204018,14.12971973,14.94408035,14.29553032,4.725669861,6.026030064,5.7417202,4.138269901,3,1,3,6,6,3,590158,97.78220367,1.009349942,5.099999905,5.099999905,5.099999905
2006,China,0,0,0,0,0,0,0,0,0,0,0,0,0,0,0,0,0,0,0,9,0,2.75E+12,2099.229435,2.75E+12,0,0,5622795,2567337,104.7535095,68.44516754,20.4976902,0.155760005,10.52315262,44.47761272,770372410,21.9,0,-1.587689996,6,0,1.743450046,0,0,0,0,0,5.588372306,0.558374367,172147904,1311020000,22.88607979,18.2519207,17.54953957,17.53157997,0,6.245679855,4.149099827,1.044980049,3,1,3,6,6,3,36386,0,0,3.5,4.400000095,4
2006,India,0,0,0,0,0,0,0,0,0,0,0,0,0,0,0,0,0,0,0,0,11.78108978,9.20E+11,792.0259698,9.13E+11,3.086610079,3.093549967,0,0,0,55.0823288,11.54055977,0.096280001,2.805499865,28.57375257,467169479,71.2,0,-1.036090016,0,0,1.132359982,0,0,0,0,0,2.703515081,1.548885996,0,1161977719,7.130350113,0,0,0,0,0,3.832700014,0.577030003,3,3,3,5,7,4,12374,0,0,4.900000095,4.099999905,4.300000191
2006,United States,1.020589948,71.24655151,71.24655151,66.9524765,71.24655151,57.08731079,0,0,0,0,0,0,0,0,11.31303024,11.31303024,11.16580009,11.31303024,10.82754993,12,15.1583004,1.39E+13,46437.06712,1.41E+13,4.950260162,5.386229992,2639006,1539689,101.5988464,95.40374756,82.0530014,3.343640089,68.93119327,45.76040672,153993286,7.9,1.020349979,3.032459974,6,896918,0.311190009,0,0,0,2.222650051,36.58787,79.91548776,0.964253917,49671496,298379912,0,13.80786991,14.61822033,13.55171013,3.747100115,6.076499939,5.725200176,4.151150227,3,1,3,6,6,3,584719,98.71858978,1.014999986,4.599999905,4.599999905,4.599999905
2007,China,0,0,0,0,0,0,0,0,0,0,0,0,0,0,0,0,0,0,0,9,0,3.55E+12,2695.365917,3.56E+12,0,0,5872815,2750852,109.3653564,72.58003998,20.84453011,0.166250005,16,44.36529857,774185758,20,0,-1.531649947,6,0,1.697900057,0,0,0,0,34.26405,0,0.522271866,162210096,1317885000,22.42935944,17.68202972,16.36853027,17.14973068,0,6.454599857,4.330480099,1.068510056,3,1,3,6,6,3,42138,0,0,3.299999952,4.199999809,3.799999952
2007,India,0.985140026,0,0,0,0,0,0,0,0,0,0,0,0,0,0,0,0,0,0,0,0,1.20E+12,1018.166373,1.20E+12,0,0,0,0,110.2214432,57.47719955,13.18877029,0,3.95,27.6915782,468123348,68,0.985220015,0,0,3790861,1.086539984,0,0,0,0,0,3.192144908,1.5120782,0,1179681239,0,0,0,0,3.033440113,5.506189823,3.999039888,0.659439981,3,3,3,5,7,4,0,96.96656036,0.985140026,3.799999952,3.700000048,3.700000048
2007,United States,1.013820052,71.08808136,71.08808136,66.65318298,71.08808136,56.8284111,0,0,0,0,0,0,0,0,11.65353012,11.65353012,11.24083042,11.65353012,10.32656002,12,14.54073048,1.45E+13,48061.53766,1.46E+13,4.979579926,5.229839802,2704070,1581125,102.7861023,96.07393646,83.03105927,3.355360031,75,45.80893909,155293472,7.8,1.011800051,3.031830072,6,673793,0.323529989,0,0,0,2.231169939,35.35579,0,0.951055243,49569824,301231207,0,13.79555988,14.56390953,13.55169964,2.827719927,6.148139954,5.763810158,4.201990128,3,1,3,6,6,3,595874,99.65252686,1.006829977,4.5,4.699999809,4.599999905
2008,China,0,0,0,0,0,0,0,0,0,0,0,0,0,0,0,0,0,0,0,9,0,4.60E+12,3471.248054,4.63E+12,0,0,7071047,3387354,112.9970474,76.69760895,20.93997955,0.191210002,22.6,44.25074762,777396382,18.4,0,-1.531759977,6,0,1.722980022,0,0,0,0,36.98642,0,0.512386932,153938592,1324655000,22.38451958,17.55451965,15.99176025,16.73773003,0,6.616740227,4.508220196,1.073709965,3,1,3,6,6,3,51038,0,0,3.799999952,4.800000191,4.400000095
2008,India,1.012799978,0,0,0,0,0,0,0,0,0,0,0,0,0,0,0,0,0,0,0,0,1.19E+12,991.4846304,1.18E+12,0,0,0,0,110.8635025,60.55574036,15.11709976,0,4.38,26.80563712,469003857,64.9,1.012889981,0,0,3786269,1.067010045,0,0,0,0,0,0,1.469688199,0,1197146906,0,0,0,0,3.012959957,5.53881979,4.212279797,0.755859971,3,2,3,5,7,4,0,96.98703766,1.012799978,4.199999809,4.099999905,4.099999905
2008,United States,1.009209991,71.6881485,71.6881485,66.54302979,71.6881485,55.88423157,0,0,0,0,0,0,0,0,11.57946968,11.57946968,10.53417969,11.57946968,8.368729591,12,13.97609997,1.47E+13,48401.42734,1.48E+13,5.052810192,5.295360088,2782270,1626282,103.3816299,95.97541809,85.00682068,3.422130108,74,45.95642396,157089033,7.6,1.011389971,3.119119883,6,600136,0.303009987,0,0,0,2.525219917,35.24091,0,0.945865287,49597744,304093966,0,13.68908024,14.37658978,13.30630016,2.51425004,6.187019825,5.755010128,4.302480221,3,1,3,6,6,3,624474,99.76254272,1.001180053,5.400000095,6.099999905,5.800000191
2009,China,0,0,0,0,0,0,0,0,0,0,0,0,0,0,0,0,0,0,0,9,0,5.11E+12,3838.433972,5.10E+12,0,0,7716957,3751223,113.9523926,80.60784912,22.51596069,0.208939999,28.9,44.13361155,779406536,17,0,-1.556959987,6,0,1.765900016,0,0,0,0,39.67877,0,0.497381401,147488080,1331260000,22.71068001,17.21562958,15.71504974,19.61024094,0,6.67031002,4.698390007,1.125800014,3,1,3,6,6,3,61211,0,0,3.700000048,4.699999809,4.300000191
2009,India,1.024790049,0,0,0,0,0,0,0,0,0,0,0,0,0,0,0,0,0,0,8,10.82184029,1.32E+12,1090.317765,1.32E+12,3.204190016,3.310760021,0,0,109.5730286,59.79393005,16.1029892,0,5.12,25.92009692,469826457,61.9,1.026430011,0,6,5501223,1.098449945,0,0,0,0,0,0,1.420203435,199927088,1214270132,0,0,25.13929939,0,4.356389999,5.475080013,4.159770012,0.805149972,3,2,3,5,7,4,0,95.64360809,1.024790049,3.900000095,3.900000095,3.900000095
2009,United States,1.021929979,72.16590118,72.16590118,66.94474792,72.16590118,56.45560837,0,0,0,0,0,0,0,0,11.3514204,11.3514204,9.879610062,11.3514204,6.922780037,12,12.88782024,1.44E+13,47001.55535,1.45E+13,5.017380238,5.256219864,2881557,1684190,102.3355179,95.41825104,88.58174133,3.458029985,71,46.16297892,157204844,7.5,1.02015996,3.159559965,6,953493,0.29846999,0,0,0,2.394320011,34.07472,0,0.876651299,49727492,306771529,0,13.87215042,13.96016979,13.59372997,3.968699932,6.127019882,5.718379974,4.486609936,3,1,3,6,6,3,660581,98.45876312,1.01504004,8.100000381,10.39999962,9.300000191
2010,China,0,0,0,0,0,0,5.07,2.3,0.14,7.51,5.35,14.81,22.85,2.71,0,0,0,0,0,9,0,6.10E+12,4560.512586,6.07E+12,0,0,7863663,3852772,112.4739227,84.92115784,23.94791985,0.230859995,34.3,44.01178427,779951535,15.7,0,-1.600510001,6,0,1.831359982,0,0,0,0,0,0,0.482959689,142715248,1337705000,24.03673935,16.84375954,15.46166039,19.94104958,0,6.63424015,4.927499771,1.197399974,3,1,3,6,6,3,71673,0,0,3.599999905,4.599999905,4.199999809
2010,India,1.01970005,0,0,0,0,0,3.3,2.67,0.27,6.24,33.16,15.19,25.03,4.85,0,0,0,0,0,8,11.74277973,1.66E+12,1345.770153,1.64E+12,3.310290098,3.424160004,0,0,109.1836472,63.29093933,17.91148949,0,7.5,25.03794864,470609097,58.8,1.022119999,0,6,4826441,1.006340027,0,0,0,0,0,0,1.366797957,200884448,1230980691,0,0,25.32821083,0,3.807189941,5.455480099,4.403180122,0.89556998,3,2,3,5,7,4,0,96.19281006,1.01970005,4.400000095,3.299999952,3.599999905
2010,United States,1.007089972,73.61617279,73.61617279,69.40447235,73.61617279,59.3862114,5.96,5.61,1.61,13.18,0.35,2.03,36.19,26.76,9.725500107,9.725500107,10.0880003,9.725500107,10.95028019,12,13.05513954,1.50E+13,48373.87882,1.51E+13,5.034619808,5.427070141,2997614,1754139,100.6018219,94.31130981,94.22801208,3.352339983,71.69,46.16462726,157021140,7.3,1.004770041,3.070830107,6,1261861,0.281509995,0,0,0,2.346920013,0,0,0.836421536,49899132,309348193,15.72929955,13.59084034,13.75942993,14.19435024,5.204179764,6.027979851,5.65034008,4.779729843,3,1,3,6,6,3,684807,97.56397247,1.002810001,8.600000381,10.5,9.600000381
2011,China,0,0,0,0,0,0,0,0,0,0,0,0,0,0,0,0,0,0,0,9,0,7.57E+12,5633.795717,7.50E+12,0,0,8733298,4342746,110.7839813,89.07794189,24.87281036,0.254370004,38.3,43.9786172,782572261,14.6,0,-1.823770046,6,0,2.07814002,0,0,0,0,47.0146,0,0.479150454,139313440,1344130000,23.15032959,16.78841019,15.15324974,19.48790932,0,6.59637022,5.150859833,1.243639946,3,1,3,6,6,3,79638,0,0,3.700000048,4.800000191,4.300000191
2011,India,1.028349996,0,0,0,0,0,0,0,0,0,0,0,0,0,0,0,0,0,0,8,13.67652035,1.82E+12,1461.671957,1.81E+12,3.706589937,3.838660002,0,0,108.3747177,66.42167664,22.86137009,0.103299998,10.07,24.5638736,473680568,55.9,1.029729962,-0.663070023,6,5385334,0.766369998,0,0,0,0,0,0,1.31187648,201642624,1247236029,0,35.15462875,25.92120934,0,4.237010002,5.417329788,4.622439861,1.143069983,3,3,3,5,7,4,27531,95.76299286,1.028349996,4.599999905,3.400000095,3.700000048
2011,United States,1.015319943,74.11875153,74.11875153,69.39163971,74.11875153,58.74393082,0,0,0,0,0,0,0,0,8.794599533,8.794599533,9.555560112,8.794599533,11.26959038,12,12.93340969,1.55E+13,49790.66548,1.58E+13,4.8259902,5.211500168,3164951,1849525,99.89647675,94.67604828,96.32240295,3.376290083,69.72946076,46.09492694,157140197,7.2,1.014410019,3.091939926,6,1480959,0.284350008,0,0,0,2.342700005,44.80216,0,0.745614384,50032936,311663358,14.30356979,14.28522015,14.49055958,14.18686008,6.05535984,5.989329815,5.670470238,4.896359921,3,1,3,6,6,3,709565,96.48921204,1.011940002,8.399999619,9.300000191,8.899999619
2012,China,0,0,0,0,0,0,0,0,0,0,0,0,0,0,0,0,0,0,0,9,0,8.56E+12,6337.883323,8.54E+12,0,0,9135720,4604676,110.088768,92.14324951,27.18442917,0.273059994,42.30011749,43.94285804,784497000,13.5,0,-1.856609941,6,0,2.129659891,0,0,0,0,49.47396,0,0.487231118,137078544,1350695000,23.01143074,16.84872055,14.50325966,0,0,6.592899799,5.317409992,1.359220028,3,1,3,6,6,3,88979,0,0,3.900000095,5,4.5
2012,India,1.014050007,0,0,0,0,0,0,0,0,0,0,0,0,0,0,0,0,0,0,8,14.06268024,1.83E+12,1446.98541,1.81E+12,3.807399988,3.865880013,0,0,109.7577515,69.16414642,24.36532974,0.099179998,12.58006091,24.09777209,476798401,53,1.013779998,-0.561659992,6,3842791,0.660839975,0,0,0,0,0,0,1.261205511,202375760,1263065852,0,0,0,0,3.015490055,5.487609863,4.815489769,1.218269944,3,0,3,5,7,4,28335,96.98451233,1.014050007,4.599999905,3.5,3.700000048
2012,United States,0.999890029,74.20365143,74.20365143,68.38053131,74.20365143,56.08132935,0,0,0,0,0,0,0,0,8.810759544,8.810759544,0,8.810759544,0,12,13.38630009,1.62E+13,51450.1223,1.66E+13,0,5.200870037,3308494,1931499,99.56440735,94.98032379,94.84227753,3.527090073,74.7,45.97104023,158430696,7,0.996290028,3.239880085,6,1442532,0.287209988,0,0,0,2.345249891,43.01757,0,0.746419895,49885892,313998379,13.32726002,14.42216015,14.66372013,13.77915001,5.890629768,5.972809792,5.681570053,4.843359947,3,1,3,6,6,3,740482,97.29683685,0.992820024,7.900000095,8.300000191,8.100000381
2013,China,0,0,0,0,0,0,0,0,0,0,0,0,0,0,0,0,0,0,0,9,0,9.61E+12,7077.770765,9.53E+12,0,0,9366202,4751345,108.7339478,96.24175262,30.16206932,0.282799989,45.8,43.91370664,785762067,12.5,0,-1.806169987,6,0,2.088969946,0,52.55307007,5.816949844,0.853160024,50.2676,0,0.493709634,136204800,1357380000,22.26594925,16.85342979,15.14167023,0,0,6.52933979,5.585229874,1.494590044,3,1,3,6,6,3,96409,0,0,3.900000095,5,4.5
2013,India,1.013960004,0,0,0,0,0,0,0,0,0,0,0,0,0,0,0,0,0,0,8,14.09095955,1.86E+12,1452.195373,1.83E+12,0,3.84236002,8846030,4344684,110.5846481,68.89720917,23.89011002,0.122160003,15.1,24.23505123,485904663,50.3,1.013669968,0,6,2886200,0.636879981,6.534689903,86.2568512,13.39663982,0.346509993,79.34154,0,1.219418944,202961360,1278562207,0,32.31832886,30.78326988,21.53121948,2.261130095,5.530240059,4.809889793,1.194509983,3,2,3,5,7,4,34419,97.73886871,1.013960004,4.5,3.400000095,3.599999905
2013,United States,0.99684,0,74.8807373,70.02133179,74.8807373,59.37424088,0,0,0,0,0,0,0,0,0,0,0,0,0,12,13.28635979,1.67E+13,52787.02695,1.71E+13,0,4.930130005,3784640,2216608,99.42176819,95.92958069,88.80857086,3.927510023,71.4,45.89419849,158992318,6.9,0.99684,3.625639915,6,1516354,0.301869988,0,48.22740936,12.61283016,1.960690022,41.48076,0,0.7002623,49677528,316204908,13.73962975,14.45366955,14.69573975,12.75794983,6.174160004,5.965559959,5.736569881,4.568260193,3,1,3,6,6,3,784427,96.4274826,0.990660012,7.099999905,7.699999809,7.400000095
2014,China,0,0,0,0,0,0,0,0,0,0,0,0,0,0,0,0,0,0,0,9,0,1.05E+13,7683.502613,1.05E+13,0,0,11380503,5818568,103.9189682,94.3320694,39.39038849,0,47.9,43.87256505,786598346,11.5,0,0,0,0,0,0,51.36220932,5.120329857,0.731440008,51.10172,0,0.506311592,0,1364270000,21.03871918,16.23078918,14.27962971,0,0,6.243450165,5.517199993,1.951949954,3,1,3,6,6,3,108217,0,0,4,5.099999905,4.599999905
2014,India,0,0,0,0,0,0,0,0,0,0,0,0,0,0,0,0,0,0,0,8,0,2.04E+12,1573.118089,2.01E+12,0,0,7741584,3887470,107.9214325,74.2754364,25.53544998,0,21,24.37862234,494960467,47.7,0,0,6,0,0,0,0,0,0,0,0,1.189328211,203349376,1293859294,0,31.28854942,31.77246094,24.47278976,0,0,0,0,3,2,3,5,7,4,0,0,0,4.400000095,3.299999952,3.5
2014,United States,1.008319974,0,74.72167206,69.68537903,74.72167206,58.7522316,0,0,0,0,0,0,0,0,0,0,0,0,0,12,14.54819965,1.74E+13,54598.55069,1.79E+13,0,5.38078022,3813956,2228523,99.53204346,97.56468964,86.66396332,0,73,45.95011237,159770001,6.8,1.004719973,0,6,1470712,0,0,48.0388298,12.73771,1.989390016,40.94574,0,0.74312426,49488316,318563456,13.81997013,14.53748989,14.78682995,12.46113968,5.965469837,5.972980022,5.834499836,4.468249798,3,1,3,6,6,3,842384,97.83541107,1.003720045,6.099999905,6.300000191,6.199999809
2015,China,0,0,0,0,0,0,0,0,0,0,0,0,0,0,0,0,0,0,0,9,0,1.11E+13,8069.213024,1.10E+13,0,0,11923653,6146365,104.1251297,94.29920959,43.39176941,0,50.3,43.82188675,787109802,10.7,0,0,0,0,0,0,0,0,0,0,0,0.508136747,0,1371220000,19.93140984,16.29441071,13.81544018,0,0,0,0,0,3,1,3,6,6,3,0,0,0,3.900000095,5.099999905,4.5
2015,India,0,0,0,0,0,0,0,0,0,0,0,0,0,0,0,0,0,0,0,8,0,2.09E+12,1596.470003,2.07E+12,0,0,8428836,4252621,108.6006165,73.96920013,26.87487984,0,26,24.52109312,503832494,45.2,0,0,0,0,0,0,0,0,0,0,0,1.167527075,0,1309053980,20.10149956,31.4914608,31.65018082,24.28976059,0,0,0,0,3,0,3,5,7,4,0,0,0,4.199999809,3.299999952,3.5
2015,United States,0,0,0,0,0,0,0,0,0,0,0,0,0,0,0,0,0,0,0,12,0,1.81E+13,56469.00897,1.86E+13,0,0,0,0,100.1470413,0,85.79577637,0,74.55420245,45.84590032,160767760,6.6,0,0,0,1372090,0,0,0,0,0,0,0,0.729731987,0,320896618,0,0,0,0,5.543950081,0,0,0,3,1,3,6,6,3,0,0,0,5.199999809,5.400000095,5.300000191
2016,China,0,0,0,0,0,0,0,0,0,0,0,0,0,0,0,0,0,0,0,9,0,1.12E+13,8123.180873,1.12E+13,0,0,0,0,0,0,0,0,53.2,43.76275416,787086139,9.9,0,0,0,0,0,0,0,0,0,0,0,0.541478512,0,1378665000,0,0,0,0,0,0,0,0,3,1,3,6,6,3,0,0,0,3.799999952,5.099999905,4.599999905
2016,India,0,0,0,0,0,0,0,0,0,0,0,0,0,0,0,0,0,0,0,8,0,2.26E+12,1709.591808,2.24E+12,0,0,0,0,0,0,0,0,29.54716289,24.69336137,512767339,43,0,0,0,0,0,0,0,0,0,0,0,1.148214693,0,1324171354,0,0,0,0,0,0,0,0,0,0,0,0,0,0,0,0,0,4.099999905,3.299999952,3.5
2016,United States,0,0,0,0,0,0,0,0,0,0,0,0,0,0,0,0,0,0,0,12,0,1.86E+13,57638.15909,1.90E+13,0,0,0,0,0,0,0,0,76.17673698,45.84764605,162637713,6.5,0,0,0,0,0,0,0,0,0,0,0,0.692801346,0,323127513,0,0,0,0,0,0,0,0,3,1,3,6,6,3,0,0,0,4.800000191,5,4.900000095
2017,China,0,0,0,0,0,0,0,0,0,0,0,0,0,0,0,0,0,0,0,0,0,0,0,0,0,0,0,0,0,0,0,0,0,0,0,0,0,0,0,0,0,0,0,0,0,0,0,0,0,0,0,0,0,0,0,0,0,0,0,0,0,0,0,0,0,0,0,0,0,0
2017,India,0,0,0,0,0,0,0,0,0,0,0,0,0,0,0,0,0,0,0,0,0,0,0,0,0,0,0,0,0,0,0,0,0,0,0,0,0,0,0,0,0,0,0,0,0,0,0,0,0,0,0,0,0,0,0,0,0,0,0,0,0,0,0,0,0,0,0,0,0,0
2017,United States,0,0,0,0,0,0,0,0,0,0,0,0,0,0,0,0,0,0,0,0,0,0,0,0,0,0,0,0,0,0,0,0,0,0,0,0,0,0,0,0,0,0,0,0,0,0,0,0,0,0,0,0,0,0,0,0,0,0,0,0,0,0,0,0,0,0,0,0,0,0
2020,China,0,0,0,0,0,0,0,0,0,0,0,0,0,0,0,0,0,0,0,0,0,0,0,0,0,0,0,0,0,0,0,0,0,0,0,0,0,0,0,0,0,0,0,0,0,0,0,0,0,0,0,0,0,0,0,0,0,0,0,0,0,0,0,0,0,0,0,0,0,0
2020,India,0,0,0,0,0,0,0,0,0,0,0,0,0,0,0,0,0,0,0,0,0,0,0,0,0,0,0,0,0,0,0,0,0,0,0,0,0,0,0,0,0,0,0,0,0,0,0,0,0,0,0,0,0,0,0,0,0,0,0,0,0,0,0,0,0,0,0,0,0,0
2020,United States,0,0,0,0,0,0,0,0,0,0,0,0,0,0,0,0,0,0,0,0,0,0,0,0,0,0,0,0,0,0,0,0,0,0,0,0,0,0,0,0,0,0,0,0,0,0,0,0,0,0,0,0,0,0,0,0,0,0,0,0,0,0,0,0,0,0,0,0,0,0
